originalSkillUri,originalSkillType,relationType,relatedSkillType,relatedSkillUri
http://data.europa.eu/esco/skill/020918ef-4b55-47c1-8430-ab7b8f6a7377,skill/competence,optional,knowledge,http://data.europa.eu/esco/skill/25f0ea33-b4a2-4f31-b7b4-7d20e827b180
http://data.europa.eu/esco/skill/020918ef-4b55-47c1-8430-ab7b8f6a7377,skill/competence,optional,knowledge,http://data.europa.eu/esco/skill/a7f0fbe0-c546-4f30-8e41-34a58c64567e
http://data.europa.eu/esco/skill/020918ef-4b55-47c1-8430-ab7b8f6a7377,skill/competence,optional,knowledge,http://data.europa.eu/esco/skill/c5e8abde-d2ba-4e8e-a65e-720b71180666
http://data.europa.eu/esco/skill/022dc430-872a-473a-9cf4-fed4895e58ad,skill/competence,optional,knowledge,http://data.europa.eu/esco/skill/03ff0d53-573a-47a0-a0ad-1995815a4339
http://data.europa.eu/esco/skill/022dc430-872a-473a-9cf4-fed4895e58ad,skill/competence,optional,knowledge,http://data.europa.eu/esco/skill/43ae58b9-5e56-4524-b45a-b422777a0576
http://data.europa.eu/esco/skill/022dc430-872a-473a-9cf4-fed4895e58ad,skill/competence,optional,knowledge,http://data.europa.eu/esco/skill/a7f0fbe0-c546-4f30-8e41-34a58c64567e
http://data.europa.eu/esco/skill/062320e5-79d1-45e8-8b7e-5deeb53279a2,skill/competence,optional,knowledge,http://data.europa.eu/esco/skill/1605025e-a179-421f-8f35-5b07d182a6b2
http://data.europa.eu/esco/skill/062320e5-79d1-45e8-8b7e-5deeb53279a2,skill/competence,optional,knowledge,http://data.europa.eu/esco/skill/b0a3bb25-a02f-43ed-ab1f-994fa66a424a
http://data.europa.eu/esco/skill/06670261-ea6b-4b52-a915-c7d4ff837f74,skill/competence,essential,skill/competence,http://data.europa.eu/esco/skill/57231a22-4da7-49c8-97b8-75672feadf1e
http://data.europa.eu/esco/skill/06670261-ea6b-4b52-a915-c7d4ff837f74,skill/competence,optional,knowledge,http://data.europa.eu/esco/skill/7ee4c2ea-b349-4bd2-81a3-ec31475d4833
http://data.europa.eu/esco/skill/07889c08-7220-47c8-96f7-6068fbea00dc,skill/competence,optional,knowledge,http://data.europa.eu/esco/skill/c5e8abde-d2ba-4e8e-a65e-720b71180666
http://data.europa.eu/esco/skill/08ee68b2-0a6d-4bdf-a870-a36c0dc8064e,skill/competence,optional,knowledge,http://data.europa.eu/esco/skill/7ee4c2ea-b349-4bd2-81a3-ec31475d4833
http://data.europa.eu/esco/skill/0a30e5a8-60a8-4fda-9f89-8e9cee38da5a,skill/competence,optional,knowledge,http://data.europa.eu/esco/skill/99207709-d076-4cce-ba38-e90d3bb28806
http://data.europa.eu/esco/skill/0b071b01-4b40-4936-9d6d-d8c5609481b4,skill/competence,optional,skill/competence,http://data.europa.eu/esco/skill/57231a22-4da7-49c8-97b8-75672feadf1e
http://data.europa.eu/esco/skill/0c766ca3-9364-4203-916b-fed16e4814c1,skill/competence,optional,knowledge,http://data.europa.eu/esco/skill/93f1caa3-df33-4de7-98da-40f5fc30fd52
http://data.europa.eu/esco/skill/0df2e216-68ae-4952-b9dc-3c2f2bc04fe3,skill/competence,optional,knowledge,http://data.europa.eu/esco/skill/43ae58b9-5e56-4524-b45a-b422777a0576
http://data.europa.eu/esco/skill/12b7d5a1-1ad4-45dc-b0fa-b31d1eb2c79a,skill/competence,optional,knowledge,http://data.europa.eu/esco/skill/43ae58b9-5e56-4524-b45a-b422777a0576
http://data.europa.eu/esco/skill/19c0e68e-6e6c-4698-85dc-ef66a9de2c37,skill/competence,optional,knowledge,http://data.europa.eu/esco/skill/1bba98a7-92b9-450b-9235-e0c905f8f3c4
http://data.europa.eu/esco/skill/1c5fd6e5-a5a5-495d-a92b-49978beecc4f,skill/competence,optional,skill/competence,http://data.europa.eu/esco/skill/57231a22-4da7-49c8-97b8-75672feadf1e
http://data.europa.eu/esco/skill/1e77e42a-181f-4b48-8e74-201ce50ffc29,skill/competence,optional,knowledge,http://data.europa.eu/esco/skill/fecf8a0d-62c4-4e71-9b03-0f4fc2ad7bf5
http://data.europa.eu/esco/skill/29fb0fb5-dfc4-4098-ac9b-3a712000f48f,skill/competence,optional,knowledge,http://data.europa.eu/esco/skill/43ae58b9-5e56-4524-b45a-b422777a0576
http://data.europa.eu/esco/skill/2de4572a-4724-4f76-afc2-72a568a264ac,skill/competence,optional,knowledge,http://data.europa.eu/esco/skill/15d76317-c71a-4fa2-aadc-2ecc34e627b7
http://data.europa.eu/esco/skill/2de4572a-4724-4f76-afc2-72a568a264ac,skill/competence,optional,knowledge,http://data.europa.eu/esco/skill/1d0de98f-c5a6-4607-aea9-d432794f144b
http://data.europa.eu/esco/skill/2de4572a-4724-4f76-afc2-72a568a264ac,skill/competence,optional,knowledge,http://data.europa.eu/esco/skill/310da5da-517c-4496-a673-92001098a2b7
http://data.europa.eu/esco/skill/2de4572a-4724-4f76-afc2-72a568a264ac,skill/competence,optional,knowledge,http://data.europa.eu/esco/skill/960c4aae-82d5-4820-a583-c3bf2908a357
http://data.europa.eu/esco/skill/31c69100-b612-4a61-8db5-fd314318854c,skill/competence,optional,knowledge,http://data.europa.eu/esco/skill/4339176e-3acd-4f7f-a5d9-445bee3d23f2
http://data.europa.eu/esco/skill/3606bf22-1987-4356-b8c4-13e89d8f6c69,skill/competence,optional,knowledge,http://data.europa.eu/esco/skill/696e3b5b-8b61-45af-ae4c-3ab700f197ec
http://data.europa.eu/esco/skill/3606bf22-1987-4356-b8c4-13e89d8f6c69,skill/competence,optional,knowledge,http://data.europa.eu/esco/skill/fecf8a0d-62c4-4e71-9b03-0f4fc2ad7bf5
http://data.europa.eu/esco/skill/382c11ed-20d5-4ae7-b60e-15fec527fa6c,skill/competence,optional,knowledge,http://data.europa.eu/esco/skill/7482a123-e801-48de-9733-262125671410
http://data.europa.eu/esco/skill/382c11ed-20d5-4ae7-b60e-15fec527fa6c,skill/competence,optional,knowledge,http://data.europa.eu/esco/skill/7ee4c2ea-b349-4bd2-81a3-ec31475d4833
http://data.europa.eu/esco/skill/382c11ed-20d5-4ae7-b60e-15fec527fa6c,skill/competence,optional,knowledge,http://data.europa.eu/esco/skill/ad59afe4-6f8a-4bc4-acfd-0f228277508a
http://data.europa.eu/esco/skill/382c11ed-20d5-4ae7-b60e-15fec527fa6c,skill/competence,optional,knowledge,http://data.europa.eu/esco/skill/ed39edd3-44d0-4a16-9796-bfb99f92baf3
http://data.europa.eu/esco/skill/4216e465-7baa-4884-a241-54b197bb9278,skill/competence,optional,knowledge,http://data.europa.eu/esco/skill/25f0ea33-b4a2-4f31-b7b4-7d20e827b180
http://data.europa.eu/esco/skill/4216e465-7baa-4884-a241-54b197bb9278,skill/competence,optional,knowledge,http://data.europa.eu/esco/skill/9effa3d7-c0c4-4583-ad94-b496ba5e5f2c
http://data.europa.eu/esco/skill/4216e465-7baa-4884-a241-54b197bb9278,skill/competence,optional,knowledge,http://data.europa.eu/esco/skill/c5e8abde-d2ba-4e8e-a65e-720b71180666
http://data.europa.eu/esco/skill/4463a721-69f3-413d-8321-43e3af13a4f1,skill/competence,optional,knowledge,http://data.europa.eu/esco/skill/43ae58b9-5e56-4524-b45a-b422777a0576
http://data.europa.eu/esco/skill/4463a721-69f3-413d-8321-43e3af13a4f1,skill/competence,optional,knowledge,http://data.europa.eu/esco/skill/ab1e97ed-2319-4293-a8b7-072d2648822f
http://data.europa.eu/esco/skill/46990b9b-746e-481d-a66a-0cac3f07dfac,skill/competence,optional,knowledge,http://data.europa.eu/esco/skill/c5e8abde-d2ba-4e8e-a65e-720b71180666
http://data.europa.eu/esco/skill/4707da90-9cfc-46ca-8de0-38a0b7bfb137,skill/competence,optional,knowledge,http://data.europa.eu/esco/skill/b0a3bb25-a02f-43ed-ab1f-994fa66a424a
http://data.europa.eu/esco/skill/4d39b27a-b34f-4c89-8d46-df844d42f728,skill/competence,essential,knowledge,http://data.europa.eu/esco/skill/8622f74f-61b7-4664-862a-7c1dea8041f0
http://data.europa.eu/esco/skill/4d85b881-e490-4b4c-897a-2faa4ef53956,skill/competence,optional,knowledge,http://data.europa.eu/esco/skill/1bba98a7-92b9-450b-9235-e0c905f8f3c4
http://data.europa.eu/esco/skill/4d85b881-e490-4b4c-897a-2faa4ef53956,skill/competence,optional,knowledge,http://data.europa.eu/esco/skill/c453cf81-6197-428e-84c6-70c773b63f27
http://data.europa.eu/esco/skill/4d85b881-e490-4b4c-897a-2faa4ef53956,skill/competence,optional,knowledge,http://data.europa.eu/esco/skill/c5e8abde-d2ba-4e8e-a65e-720b71180666
http://data.europa.eu/esco/skill/4ddf5204-95f5-4be2-ad35-571e2f493ae5,skill/competence,optional,knowledge,http://data.europa.eu/esco/skill/143769cb-b61e-47d8-a61e-eedfbec1016c
http://data.europa.eu/esco/skill/4f060129-8b75-4d58-a8dd-515bd8fef349,skill/competence,optional,knowledge,http://data.europa.eu/esco/skill/7ee4c2ea-b349-4bd2-81a3-ec31475d4833
http://data.europa.eu/esco/skill/4fabca9a-7435-4f33-b1da-3cdb00340fdc,skill/competence,optional,knowledge,http://data.europa.eu/esco/skill/ed3f3dba-3a35-4ed5-b113-67f4d10ef4c8
http://data.europa.eu/esco/skill/505e4ef3-7ce4-437d-b7b4-5c608f71c258,skill/competence,optional,knowledge,http://data.europa.eu/esco/skill/6345d3a4-7d1a-40a9-9a82-6ed06beffe7b
http://data.europa.eu/esco/skill/50b100ea-74fd-4706-99db-3e4ca55e51b8,skill/competence,optional,knowledge,http://data.europa.eu/esco/skill/c5e8abde-d2ba-4e8e-a65e-720b71180666
http://data.europa.eu/esco/skill/51ece34f-c24e-4183-9bf4-9b6f28748aec,skill/competence,optional,knowledge,http://data.europa.eu/esco/skill/a56dec32-05ef-45de-a256-ee6741f356db
http://data.europa.eu/esco/skill/55cc1f3f-69fc-46ec-b24a-9708f6bd92b4,skill/competence,optional,knowledge,http://data.europa.eu/esco/skill/fecf8a0d-62c4-4e71-9b03-0f4fc2ad7bf5
http://data.europa.eu/esco/skill/57231a22-4da7-49c8-97b8-75672feadf1e,skill/competence,essential,skill/competence,http://data.europa.eu/esco/skill/0d6714c6-720e-4985-9791-5ab85d28da79
http://data.europa.eu/esco/skill/57231a22-4da7-49c8-97b8-75672feadf1e,skill/competence,essential,skill/competence,http://data.europa.eu/esco/skill/1b70a55d-b8a4-49fc-96c6-15ab4cff2522
http://data.europa.eu/esco/skill/57231a22-4da7-49c8-97b8-75672feadf1e,skill/competence,essential,skill/competence,http://data.europa.eu/esco/skill/2b92a5b2-6758-4ee3-9fb4-b6387a55cc8f
http://data.europa.eu/esco/skill/57231a22-4da7-49c8-97b8-75672feadf1e,skill/competence,essential,skill/competence,http://data.europa.eu/esco/skill/47a49cd6-097d-457a-9f7b-c290c14930d5
http://data.europa.eu/esco/skill/57231a22-4da7-49c8-97b8-75672feadf1e,skill/competence,essential,skill/competence,http://data.europa.eu/esco/skill/4a193795-fa63-414e-9f2e-bfdb3924571e
http://data.europa.eu/esco/skill/57231a22-4da7-49c8-97b8-75672feadf1e,skill/competence,essential,skill/competence,http://data.europa.eu/esco/skill/8316979b-df5a-4dc7-98ef-61ec6a10df84
http://data.europa.eu/esco/skill/57231a22-4da7-49c8-97b8-75672feadf1e,skill/competence,essential,skill/competence,http://data.europa.eu/esco/skill/a571ae14-3e16-4fd3-a615-5646e0b0b696
http://data.europa.eu/esco/skill/57231a22-4da7-49c8-97b8-75672feadf1e,skill/competence,optional,skill/competence,http://data.europa.eu/esco/skill/3181325d-0590-4c6e-8db1-8278427c18ff
http://data.europa.eu/esco/skill/5b776f2d-cac1-437e-badd-9871876209a5,skill/competence,optional,knowledge,http://data.europa.eu/esco/skill/43ae58b9-5e56-4524-b45a-b422777a0576
http://data.europa.eu/esco/skill/5da73370-f6b9-417d-a94c-09bf01f84aa2,skill/competence,optional,knowledge,http://data.europa.eu/esco/skill/a56dec32-05ef-45de-a256-ee6741f356db
http://data.europa.eu/esco/skill/646d871b-4503-4dc8-a076-06d7085e4cde,skill/competence,optional,knowledge,http://data.europa.eu/esco/skill/a56dec32-05ef-45de-a256-ee6741f356db
http://data.europa.eu/esco/skill/64db87c7-2360-4e20-88d3-d222402e477c,skill/competence,optional,knowledge,http://data.europa.eu/esco/skill/43ae58b9-5e56-4524-b45a-b422777a0576
http://data.europa.eu/esco/skill/683bc3e3-6ec1-4ad2-8d62-d0ac1fabbe76,skill/competence,optional,knowledge,http://data.europa.eu/esco/skill/1605025e-a179-421f-8f35-5b07d182a6b2
http://data.europa.eu/esco/skill/683bc3e3-6ec1-4ad2-8d62-d0ac1fabbe76,skill/competence,optional,knowledge,http://data.europa.eu/esco/skill/c5e8abde-d2ba-4e8e-a65e-720b71180666
http://data.europa.eu/esco/skill/6aef2baa-5fa7-4c16-bd28-3e070ec4e4df,skill/competence,optional,knowledge,http://data.europa.eu/esco/skill/a56dec32-05ef-45de-a256-ee6741f356db
http://data.europa.eu/esco/skill/6c08403c-a5bb-4868-b8c2-b7d039c0e511,skill/competence,optional,knowledge,http://data.europa.eu/esco/skill/9ef0f3a0-9ce2-4ef1-a987-0366b5cb2dbe
http://data.europa.eu/esco/skill/6f993130-082b-4732-b62f-52cdf2096ad9,skill/competence,optional,knowledge,http://data.europa.eu/esco/skill/fecf8a0d-62c4-4e71-9b03-0f4fc2ad7bf5
http://data.europa.eu/esco/skill/6fe76a8b-4d5f-4cea-b76b-5908463fb014,skill/competence,optional,knowledge,http://data.europa.eu/esco/skill/1605025e-a179-421f-8f35-5b07d182a6b2
http://data.europa.eu/esco/skill/713fb616-118e-40bc-9366-4a69879a49d5,skill/competence,optional,knowledge,http://data.europa.eu/esco/skill/c5e8abde-d2ba-4e8e-a65e-720b71180666
http://data.europa.eu/esco/skill/71717c33-dd63-4acf-b052-a5fd5d9fc490,skill/competence,optional,knowledge,http://data.europa.eu/esco/skill/a56dec32-05ef-45de-a256-ee6741f356db
http://data.europa.eu/esco/skill/7dc3d869-2a60-425f-8557-ad40eaaefc80,skill/competence,optional,knowledge,http://data.europa.eu/esco/skill/9cf681c7-89ec-470c-b651-7fe03786f586
http://data.europa.eu/esco/skill/7e796b51-49d7-4e73-95af-2e7323763f15,skill/competence,essential,knowledge,http://data.europa.eu/esco/skill/43ae58b9-5e56-4524-b45a-b422777a0576
http://data.europa.eu/esco/skill/7e796b51-49d7-4e73-95af-2e7323763f15,skill/competence,essential,knowledge,http://data.europa.eu/esco/skill/897b393f-e7e0-4248-a40d-d77119694e83
http://data.europa.eu/esco/skill/7e796b51-49d7-4e73-95af-2e7323763f15,skill/competence,optional,skill/competence,http://data.europa.eu/esco/skill/11430d93-c835-48ed-8e70-285fa69c9ae6
http://data.europa.eu/esco/skill/7e796b51-49d7-4e73-95af-2e7323763f15,skill/competence,optional,skill/competence,http://data.europa.eu/esco/skill/6c08403c-a5bb-4868-b8c2-b7d039c0e511
http://data.europa.eu/esco/skill/7e796b51-49d7-4e73-95af-2e7323763f15,skill/competence,optional,skill/competence,http://data.europa.eu/esco/skill/ab67fbfb-0ca7-4345-8bf6-af8f59480212
http://data.europa.eu/esco/skill/84f58e3d-8669-4d83-8c1d-5dd1e73a654f,skill/competence,optional,knowledge,http://data.europa.eu/esco/skill/43ae58b9-5e56-4524-b45a-b422777a0576
http://data.europa.eu/esco/skill/85c11255-469f-41bd-a6d1-382bc4a87783,skill/competence,essential,knowledge,http://data.europa.eu/esco/skill/327d15c8-29ff-4ad4-a4fe-6536d777a45f
http://data.europa.eu/esco/skill/86d2e2ea-1ba2-4aa6-b465-8a1f9abc81b8,skill/competence,optional,knowledge,http://data.europa.eu/esco/skill/a56dec32-05ef-45de-a256-ee6741f356db
http://data.europa.eu/esco/skill/87d0ccdb-3aa3-4af6-94e5-c7a04791c07e,skill/competence,optional,knowledge,http://data.europa.eu/esco/skill/327d15c8-29ff-4ad4-a4fe-6536d777a45f
http://data.europa.eu/esco/skill/8d202e22-85e9-47b1-a1e0-3296d17244cd,skill/competence,optional,knowledge,http://data.europa.eu/esco/skill/a56dec32-05ef-45de-a256-ee6741f356db
http://data.europa.eu/esco/skill/979cf728-896f-4f2c-8fa8-2698ca0d4930,skill/competence,optional,knowledge,http://data.europa.eu/esco/skill/ed3f3dba-3a35-4ed5-b113-67f4d10ef4c8
http://data.europa.eu/esco/skill/99207709-d076-4cce-ba38-e90d3bb28806,knowledge,optional,knowledge,http://data.europa.eu/esco/skill/9cf681c7-89ec-470c-b651-7fe03786f586
http://data.europa.eu/esco/skill/99fc129e-360c-4174-9553-5c666a64a395,skill/competence,essential,knowledge,http://data.europa.eu/esco/skill/327d15c8-29ff-4ad4-a4fe-6536d777a45f
http://data.europa.eu/esco/skill/9ba8fd27-275d-4bad-8c48-f668aa99a578,skill/competence,optional,knowledge,http://data.europa.eu/esco/skill/43ae58b9-5e56-4524-b45a-b422777a0576
http://data.europa.eu/esco/skill/9d0d89be-bffa-4393-b6f6-8d05bea49051,knowledge,optional,knowledge,http://data.europa.eu/esco/skill/696e3b5b-8b61-45af-ae4c-3ab700f197ec
http://data.europa.eu/esco/skill/9ff9db9d-d14b-426e-83f3-e7449af6c79f,skill/competence,essential,knowledge,http://data.europa.eu/esco/skill/6a536b36-c5c7-4d10-bf67-a4fb0f8549b2
http://data.europa.eu/esco/skill/9ff9db9d-d14b-426e-83f3-e7449af6c79f,skill/competence,optional,knowledge,http://data.europa.eu/esco/skill/e2d0daae-2aa1-40cc-99e2-b340b02f97d3
http://data.europa.eu/esco/skill/a1388163-462a-4b76-8649-67470ea858a1,skill/competence,optional,knowledge,http://data.europa.eu/esco/skill/43ae58b9-5e56-4524-b45a-b422777a0576
http://data.europa.eu/esco/skill/a571ae14-3e16-4fd3-a615-5646e0b0b696,skill/competence,optional,knowledge,http://data.europa.eu/esco/skill/c5e8abde-d2ba-4e8e-a65e-720b71180666
http://data.europa.eu/esco/skill/a80fb090-63f4-4b05-83a5-2f090deb7757,skill/competence,optional,knowledge,http://data.europa.eu/esco/skill/6c8ed0d1-4fc9-41a6-9587-6dbc82cabfc3
http://data.europa.eu/esco/skill/a8d24a95-47b3-4f88-92e7-06600bcd3612,skill/competence,optional,knowledge,http://data.europa.eu/esco/skill/519e801b-3cc4-44d4-bcf1-32fdb9a77e51
http://data.europa.eu/esco/skill/a8d24a95-47b3-4f88-92e7-06600bcd3612,skill/competence,optional,knowledge,http://data.europa.eu/esco/skill/67cacb56-17df-4e4e-8039-55f659ac59a7
http://data.europa.eu/esco/skill/abbf6f61-04eb-4e1a-9694-05ba28ac38bf,skill/competence,optional,knowledge,http://data.europa.eu/esco/skill/a56dec32-05ef-45de-a256-ee6741f356db
http://data.europa.eu/esco/skill/b22828a8-18e7-4639-8fbd-f2b33594382d,skill/competence,optional,knowledge,http://data.europa.eu/esco/skill/7ee4c2ea-b349-4bd2-81a3-ec31475d4833
http://data.europa.eu/esco/skill/b64b9863-5ed3-49c7-8fd3-5324fabeda5d,skill/competence,optional,knowledge,http://data.europa.eu/esco/skill/fecf8a0d-62c4-4e71-9b03-0f4fc2ad7bf5
http://data.europa.eu/esco/skill/b74fd765-e1ae-4f56-a188-45cd782bca01,skill/competence,optional,knowledge,http://data.europa.eu/esco/skill/c5e8abde-d2ba-4e8e-a65e-720b71180666
http://data.europa.eu/esco/skill/bb165899-d95f-4433-95f2-173fefd716d2,skill/competence,optional,knowledge,http://data.europa.eu/esco/skill/7ee4c2ea-b349-4bd2-81a3-ec31475d4833
http://data.europa.eu/esco/skill/be727774-46d7-43d7-aee9-1a51b5cd8c71,skill/competence,optional,knowledge,http://data.europa.eu/esco/skill/7ee4c2ea-b349-4bd2-81a3-ec31475d4833
http://data.europa.eu/esco/skill/c2ce7fe9-203b-492a-961e-9698dce7de19,skill/competence,optional,skill/competence,http://data.europa.eu/esco/skill/382c11ed-20d5-4ae7-b60e-15fec527fa6c
http://data.europa.eu/esco/skill/c3e36d05-8ae8-447f-bb2b-6f9409f85389,skill/competence,optional,knowledge,http://data.europa.eu/esco/skill/348b74cd-49ce-4844-8bdf-ec188b497213
http://data.europa.eu/esco/skill/c544a9f3-5945-4b54-afed-de0697852817,skill/competence,optional,knowledge,http://data.europa.eu/esco/skill/99571e68-801f-49af-a897-5f75996642e1
http://data.europa.eu/esco/skill/c544a9f3-5945-4b54-afed-de0697852817,skill/competence,optional,knowledge,http://data.europa.eu/esco/skill/ed3f3dba-3a35-4ed5-b113-67f4d10ef4c8
http://data.europa.eu/esco/skill/cc9b4fbb-65f1-4c92-9229-1392d03b6e20,skill/competence,essential,knowledge,http://data.europa.eu/esco/skill/03ff0d53-573a-47a0-a0ad-1995815a4339
http://data.europa.eu/esco/skill/cc9b4fbb-65f1-4c92-9229-1392d03b6e20,skill/competence,essential,knowledge,http://data.europa.eu/esco/skill/93aaf65c-5aad-4e6f-a7ba-ce9bf7c0e6e6
http://data.europa.eu/esco/skill/cc9b4fbb-65f1-4c92-9229-1392d03b6e20,skill/competence,essential,knowledge,http://data.europa.eu/esco/skill/c5e8abde-d2ba-4e8e-a65e-720b71180666
http://data.europa.eu/esco/skill/cc9b4fbb-65f1-4c92-9229-1392d03b6e20,skill/competence,essential,knowledge,http://data.europa.eu/esco/skill/fecf8a0d-62c4-4e71-9b03-0f4fc2ad7bf5
http://data.europa.eu/esco/skill/cc9b4fbb-65f1-4c92-9229-1392d03b6e20,skill/competence,optional,knowledge,http://data.europa.eu/esco/skill/1bba98a7-92b9-450b-9235-e0c905f8f3c4
http://data.europa.eu/esco/skill/cd5efa8c-e44d-4cbc-91c6-796018dbed68,skill/competence,optional,knowledge,http://data.europa.eu/esco/skill/237db40b-4600-47c0-837f-4a2c4f3014ab
http://data.europa.eu/esco/skill/cd5efa8c-e44d-4cbc-91c6-796018dbed68,skill/competence,optional,knowledge,http://data.europa.eu/esco/skill/7111b95d-0ce3-441a-9d92-4c75d05c4388
http://data.europa.eu/esco/skill/cfdb4d3c-190e-47a3-83f9-52ab60828118,skill/competence,optional,knowledge,http://data.europa.eu/esco/skill/348b74cd-49ce-4844-8bdf-ec188b497213
http://data.europa.eu/esco/skill/d3e36164-79aa-4f14-9a8c-d88d38f84ea0,skill/competence,optional,knowledge,http://data.europa.eu/esco/skill/fecf8a0d-62c4-4e71-9b03-0f4fc2ad7bf5
http://data.europa.eu/esco/skill/d6cdef49-b669-4507-91d1-3f959cf98e47,skill/competence,optional,knowledge,http://data.europa.eu/esco/skill/43ae58b9-5e56-4524-b45a-b422777a0576
http://data.europa.eu/esco/skill/d9cc828c-61fc-422d-91e7-b2e8e4aa48a5,skill/competence,optional,knowledge,http://data.europa.eu/esco/skill/7ee4c2ea-b349-4bd2-81a3-ec31475d4833
http://data.europa.eu/esco/skill/dfb9cec6-3ae3-408a-9d57-c44361bf7aaf,skill/competence,optional,knowledge,http://data.europa.eu/esco/skill/348b74cd-49ce-4844-8bdf-ec188b497213
http://data.europa.eu/esco/skill/e2fb1ee4-fbf9-4690-b677-3e6ff7cfdc48,skill/competence,optional,knowledge,http://data.europa.eu/esco/skill/9cf681c7-89ec-470c-b651-7fe03786f586
http://data.europa.eu/esco/skill/ee8fee1a-75c1-43fb-b08d-779929f99249,skill/competence,optional,knowledge,http://data.europa.eu/esco/skill/7ee4c2ea-b349-4bd2-81a3-ec31475d4833
http://data.europa.eu/esco/skill/f058bf62-70d1-4f5e-be2a-8b26fac24a96,skill/competence,optional,knowledge,http://data.europa.eu/esco/skill/348b74cd-49ce-4844-8bdf-ec188b497213
http://data.europa.eu/esco/skill/f09e70cb-5d8c-4c57-b027-a45127c0bf92,skill/competence,optional,knowledge,http://data.europa.eu/esco/skill/a56dec32-05ef-45de-a256-ee6741f356db
http://data.europa.eu/esco/skill/fbafa41f-cd05-4109-a649-8b44d306d779,skill/competence,optional,knowledge,http://data.europa.eu/esco/skill/fecf8a0d-62c4-4e71-9b03-0f4fc2ad7bf5
http://data.europa.eu/esco/skill/fd6d2981-3d4a-4ce2-9741-cfc98c5b74bd,skill/competence,optional,knowledge,http://data.europa.eu/esco/skill/c5e8abde-d2ba-4e8e-a65e-720b71180666
http://data.europa.eu/esco/skill/fda917eb-0d6a-4371-8c93-2a10bf950966,skill/competence,essential,knowledge,http://data.europa.eu/esco/skill/03ff0d53-573a-47a0-a0ad-1995815a4339
http://data.europa.eu/esco/skill/fda917eb-0d6a-4371-8c93-2a10bf950966,skill/competence,essential,knowledge,http://data.europa.eu/esco/skill/fecf8a0d-62c4-4e71-9b03-0f4fc2ad7bf5
http://data.europa.eu/esco/skill/fdc388ba-c8f4-4455-a55f-ffdf29b05f5f,skill/competence,optional,knowledge,http://data.europa.eu/esco/skill/43ae58b9-5e56-4524-b45a-b422777a0576
