job_id,job_title,role_category,location,location_region,latitude,longitude,salary_min,salary_max,salary_is_predicted,salary_quality_status,salary_quality_flags,contract_type,source_url
5904201286,Data Analyst,Data Analyst,"Coleraine, Northern Ireland",Northern Ireland,55.132,-6.66845,50000.0,50000.0,0,Passed basic checks,,contract,https://www.adzuna.co.uk/jobs/land/ad/5904201286?se=9jUBzGnC8RGU5ZlC2ojrCw&utm_medium=api&utm_source=936e8457&v=8AF0DAF7454E5ACBA39AABD34D6D260819BE3AEB
5904489933,Data Analyst,Data Analyst,"Antrim, County Antrim",Other / town-level location,54.713402,-6.21676,45737.19,45737.19,1,Passed basic checks,,,https://www.adzuna.co.uk/jobs/land/ad/5904489933?se=9jUBzGnC8RGU5ZlC2ojrCw&utm_medium=api&utm_source=936e8457&v=2DE36E5EB1BF5B89A92ACD54932AA07B5305E10E
5901923350,BI & Data Analyst,Data Analyst,"Belfast, Northern Ireland",Northern Ireland,,,45000.0,45000.0,0,Passed basic checks,,,https://www.adzuna.co.uk/jobs/land/ad/5901923350?se=9jUBzGnC8RGU5ZlC2ojrCw&utm_medium=api&utm_source=936e8457&v=49FCA5A1845C78428661641EBE024401EF081A0E
5917127539,SAP Master Data Analyst,Data Analyst,"Coleraine, Northern Ireland",Northern Ireland,55.132,-6.66845,45000.0,45000.0,0,Passed basic checks,,,https://www.adzuna.co.uk/jobs/land/ad/5917127539?se=9jUBzGnC8RGU5ZlC2ojrCw&utm_medium=api&utm_source=936e8457&v=2FB0059E912F5CA31F7DFA0EBC6A4B37DD5C54C5
5854394670,"Data Analyst, Operations",Data Analyst,UK,UK-wide / unspecified,,,63044.95,63044.95,1,Passed basic checks,,,https://www.adzuna.co.uk/jobs/details/5854394670?utm_medium=api&utm_source=936e8457
5917238922,Lead Data Analyst,Data Analyst,"London, UK",London,51.503378,-0.139134,70000.0,70000.0,0,Passed basic checks,,permanent,https://www.adzuna.co.uk/jobs/details/5917238922?utm_medium=api&utm_source=936e8457
5861182353,Risk Technology Data Analyst,Data Analyst,"London, UK",London,51.503378,-0.139134,46263.4,46263.4,1,Passed basic checks,,,https://www.adzuna.co.uk/jobs/details/5861182353?utm_medium=api&utm_source=936e8457
5897281688,Data Analyst - 6 month temp,Data Analyst,"Belfast, Northern Ireland",Northern Ireland,,,50000.0,50000.0,0,Passed basic checks,,contract,https://www.adzuna.co.uk/jobs/land/ad/5897281688?se=9jUBzGnC8RGU5ZlC2ojrCw&utm_medium=api&utm_source=936e8457&v=580B448E12A40FFFC9923F02F95C6B9407918255
5908688222,Data Analyst,Data Analyst,"Edinburgh, Scotland",Scotland,55.943116,-3.327942,55818.84,55818.84,1,Passed basic checks,,contract,https://www.adzuna.co.uk/jobs/land/ad/5908688222?se=9jUBzGnC8RGU5ZlC2ojrCw&utm_medium=api&utm_source=936e8457&v=A601D7E8F03966BC781FB4E1456389D61133C6A0
5913960841,Trainee Data Analyst – No Experience Needed,Data Analyst,UK,UK-wide / unspecified,,,65000.0,65000.0,0,Passed basic checks,,contract,https://www.adzuna.co.uk/jobs/land/ad/5913960841?se=9jUBzGnC8RGU5ZlC2ojrCw&utm_medium=api&utm_source=936e8457&v=633AD2FE0DD74F90721E05E6FA591959737CE161
5904181818,Data Analyst Placement Programme – No Experience Needed,Data Analyst,"Liverpool, Merseyside",North West England,53.410801,-2.97784,65000.0,65000.0,0,Passed basic checks,,contract,https://www.adzuna.co.uk/jobs/details/5904181818?utm_medium=api&utm_source=936e8457
5903981132,Data Analyst Placement Programme – No Experience Needed,Data Analyst,"Leeds, West Yorkshire",Yorkshire and Humber,53.799599,-1.54912,65000.0,65000.0,0,Passed basic checks,,contract,https://www.adzuna.co.uk/jobs/details/5903981132?utm_medium=api&utm_source=936e8457
5903043897,"BI / Data Analyst - Power BI, SQL & Data Systems",Data Analyst,"Belfast, Northern Ireland",Northern Ireland,,,55000.0,55000.0,0,Passed basic checks,,permanent,https://www.adzuna.co.uk/jobs/land/ad/5903043897?se=9jUBzGnC8RGU5ZlC2ojrCw&utm_medium=api&utm_source=936e8457&v=E838FD78C4E57EB4E847D8E381A13AE7CF09D1A0
5903878567,Finance Data Analyst,Data Analyst,"Coupar Angus, Blairgowrie",Other / town-level location,56.545601,-3.26766,45000.0,60000.0,0,Passed basic checks,,permanent,https://www.adzuna.co.uk/jobs/land/ad/5903878567?se=9jUBzGnC8RGU5ZlC2ojrCw&utm_medium=api&utm_source=936e8457&v=EE0E7D2D5857207E51BDF49CE52A66646388309A
5888123739,Asset Data Analyst,Data Analyst,"Alloa, Clackmannanshire",Other / town-level location,56.116299,-3.79537,62647.71,62647.71,1,Passed basic checks,,,https://www.adzuna.co.uk/jobs/land/ad/5888123739?se=9jUBzGnC8RGU5ZlC2ojrCw&utm_medium=api&utm_source=936e8457&v=C958BBF2FFA473348B930CDB6B55275F71204C50
5902633565,Data Analyst - FLK14652,Data Analyst,"Grangemouth, Falkirk County",Other / town-level location,56.018799,-3.71844,30001.0,40000.0,0,Passed basic checks,,,https://www.adzuna.co.uk/jobs/land/ad/5902633565?se=9jUBzGnC8RGU5ZlC2ojrCw&utm_medium=api&utm_source=936e8457&v=0084C1C70BA58B29A923A45931870E2A38540415
5896957145,Data Analyst,Data Analyst,"Farringdon, Central London",London,51.521224,-0.105738,40234.61,40234.61,1,Passed basic checks,,contract,https://www.adzuna.co.uk/jobs/details/5896957145?utm_medium=api&utm_source=936e8457
5883673928,Data Analyst,Data Analyst,"Putney, South West London",London,51.462601,-0.216308,65000.0,75000.0,0,Passed basic checks,,permanent,https://www.adzuna.co.uk/jobs/details/5883673928?utm_medium=api&utm_source=936e8457
5914110287,Data Analyst,Data Analyst,UK,UK-wide / unspecified,,,0.0,5.0,0,Needs review,Minimum salary is zero or negative; Maximum below 100; pay-period/unit needs review,,https://www.adzuna.co.uk/jobs/details/5914110287?utm_medium=api&utm_source=936e8457
5907316350,Data Analyst,Data Analyst,"County Antrim, Northern Ireland",Northern Ireland,,,38850.72,38850.72,1,Passed basic checks,,,https://www.adzuna.co.uk/jobs/details/5907316350?utm_medium=api&utm_source=936e8457
5737508609,Data Analyst,Data Analyst,"London, UK",London,51.503378,-0.139134,40000.0,85000.0,0,Passed basic checks,,,https://www.adzuna.co.uk/jobs/details/5737508609?utm_medium=api&utm_source=936e8457
5912846878,Data Analyst,Data Analyst,"Horsham, West Sussex",South East England,51.063801,-0.327003,52764.37,52764.37,1,Passed basic checks,,,https://www.adzuna.co.uk/jobs/details/5912846878?utm_medium=api&utm_source=936e8457
5845316773,Data Analyst,Data Analyst,"London, UK",London,51.503378,-0.139134,50452.18,50452.18,1,Passed basic checks,,,https://www.adzuna.co.uk/jobs/details/5845316773?utm_medium=api&utm_source=936e8457
5738736752,Data Analyst,Data Analyst,"Stepps, North Lanarkshire",Other / town-level location,55.893844,-4.129929,48532.52,48532.52,1,Passed basic checks,,,https://www.adzuna.co.uk/jobs/land/ad/5738736752?se=9jUBzGnC8RGU5ZlC2ojrCw&utm_medium=api&utm_source=936e8457&v=034E4334AFE619E8E568C70F8F3AD91DC0A12305
5780350523,Data Analyst,Data Analyst,"Broadbottom, Hyde",Other / town-level location,53.443525,-2.031758,50579.12,50579.12,1,Passed basic checks,,,https://www.adzuna.co.uk/jobs/land/ad/5780350523?se=9jUBzGnC8RGU5ZlC2ojrCw&utm_medium=api&utm_source=936e8457&v=6A23DE6B7BB92F746B2C2364BA5C6F4DEC97AC98
5863586463,Data Business Analyst,Data Analyst,"London, UK",London,51.503378,-0.139134,57140.1,57140.1,1,Passed basic checks,,,https://www.adzuna.co.uk/jobs/details/5863586463?utm_medium=api&utm_source=936e8457
5886098712,Data Analyst,Data Analyst,"Abbotts Barton, Winchester",Other / town-level location,51.075629,-1.316338,27040.0,27040.0,0,Passed basic checks,,contract,https://www.adzuna.co.uk/jobs/land/ad/5886098712?se=9jUBzGnC8RGU5ZlC2ojrCw&utm_medium=api&utm_source=936e8457&v=ACE61D2C288E6E0555B4E352087DD69E2CE23007
5884589518,Data Analyst,Data Analyst,"Farringdon, Central London",London,51.523772,-0.103815,60000.0,85000.0,0,Passed basic checks,,permanent,https://www.adzuna.co.uk/jobs/land/ad/5884589518?se=9jUBzGnC8RGU5ZlC2ojrCw&utm_medium=api&utm_source=936e8457&v=6ED66D21EB20500D0415E2E60B59DBA91B09014D
5884992255,Data Analyst,Data Analyst,"Rusholme, Manchester",North West England,53.459145,-2.220609,30000.0,32000.0,0,Passed basic checks,,,https://www.adzuna.co.uk/jobs/land/ad/5884992255?se=9jUBzGnC8RGU5ZlC2ojrCw&utm_medium=api&utm_source=936e8457&v=F42B99C2F198E693B29F788ADEF661C6DFDF2CD6
5892851025,Data Analyst,Data Analyst,"Nottingham, Nottinghamshire",Midlands,52.955101,-1.14917,39603.77,39603.77,1,Passed basic checks,,,https://www.adzuna.co.uk/jobs/land/ad/5892851025?se=9jUBzGnC8RGU5ZlC2ojrCw&utm_medium=api&utm_source=936e8457&v=5262EA595367B1C7A9CB7B248CEE2A3A06CC9B47
5907756097,Data Analyst,Data Analyst,"Hyde Park, Leeds",Yorkshire and Humber,53.815909,-1.560123,31678.0,31678.0,0,Passed basic checks,,contract,https://www.adzuna.co.uk/jobs/land/ad/5907756097?se=9jUBzGnC8RGU5ZlC2ojrCw&utm_medium=api&utm_source=936e8457&v=43DB3E93C49DE0977B55992E4E22C2051BC2CB4F
5892774733,Data Analyst,Data Analyst,"Rusholme, Manchester",North West England,53.459145,-2.220609,38000.0,45000.0,0,Passed basic checks,,,https://www.adzuna.co.uk/jobs/land/ad/5892774733?se=9jUBzGnC8RGU5ZlC2ojrCw&utm_medium=api&utm_source=936e8457&v=23760C341E82B6AE4573F48521A9F3EB6D958C24
5894186023,Data Analyst,Data Analyst,"Gateshead, Tyne & Wear",Other / town-level location,54.936904,-1.587407,40000.0,55000.0,0,Passed basic checks,,,https://www.adzuna.co.uk/jobs/land/ad/5894186023?se=9jUBzGnC8RGU5ZlC2ojrCw&utm_medium=api&utm_source=936e8457&v=056A259A471F7989B472C2826ED96B1A9C752620
5892666053,Data Analyst,Data Analyst,"Pampisford, Cambridge",East of England,52.108734,0.18937,45000.0,45000.0,0,Passed basic checks,,permanent,https://www.adzuna.co.uk/jobs/land/ad/5892666053?se=9jUBzGnC8RGU5ZlC2ojrCw&utm_medium=api&utm_source=936e8457&v=002C8725E48C1E12F61FF373F565154BCB579BAD
5889690525,Data Analyst,Data Analyst,"Edinburgh, Scotland",Scotland,55.943116,-3.327942,65000.0,78000.0,0,Passed basic checks,,contract,https://www.adzuna.co.uk/jobs/land/ad/5889690525?se=9jUBzGnC8RGU5ZlC2ojrCw&utm_medium=api&utm_source=936e8457&v=75E4BB0DD0DB013879033E2B66F40D4F36F64315
5892678247,Data Analyst,Data Analyst,"Edinburgh Technopole, Milton Bridge",Scotland,55.858501,-3.20232,65000.0,78000.0,0,Passed basic checks,,contract,https://www.adzuna.co.uk/jobs/land/ad/5892678247?se=9jUBzGnC8RGU5ZlC2ojrCw&utm_medium=api&utm_source=936e8457&v=D5BF7673CDBCFA8054F2C4321C62574DEA6D69E0
5904108247,Data Analyst,Data Analyst,"Hyde Park, Leeds",Yorkshire and Humber,53.815909,-1.560123,130000.0,156000.0,0,Passed basic checks,,contract,https://www.adzuna.co.uk/jobs/land/ad/5904108247?se=9jUBzGnC8RGU5ZlC2ojrCw&utm_medium=api&utm_source=936e8457&v=277BFE5F28ABBF0006D106B6DC081ABE43FC99A0
5912660712,Data Analyst,Data Analyst,"Farringdon, Central London",London,51.523772,-0.103815,60808.15,60808.15,1,Passed basic checks,,contract,https://www.adzuna.co.uk/jobs/land/ad/5912660712?se=9jUBzGnC8RGU5ZlC2ojrCw&utm_medium=api&utm_source=936e8457&v=2C39597CCC676C084CE7D345EF72669CA4992E81
5897127176,Data Analyst,Data Analyst,"Bristol, South West England",South West England,,,30778.68,30778.68,1,Passed basic checks,,permanent,https://www.adzuna.co.uk/jobs/land/ad/5897127176?se=9jUBzGnC8RGU5ZlC2ojrCw&utm_medium=api&utm_source=936e8457&v=373E45B77B539CB6A4A6145BB168756297D26C04
5878871185,Data Analyst,Data Analyst,"South West London, London",London,51.448229,-0.195605,60000.0,60000.0,0,Passed basic checks,,,https://www.adzuna.co.uk/jobs/details/5878871185?utm_medium=api&utm_source=936e8457
5887653468,Data Analyst,Data Analyst,"Bristol, South West England",South West England,,,35000.0,60000.0,0,Passed basic checks,,contract,https://www.adzuna.co.uk/jobs/land/ad/5887653468?se=9jUBzGnC8RGU5ZlC2ojrCw&utm_medium=api&utm_source=936e8457&v=1562FCAE40A64EDE39CB09E6D5859E1883991E3F
5895068163,Data Analyst,Data Analyst,"Warwick, Warwickshire",Other / town-level location,52.281898,-1.58447,78000.0,91000.0,0,Passed basic checks,,contract,https://www.adzuna.co.uk/jobs/land/ad/5895068163?se=9jUBzGnC8RGU5ZlC2ojrCw&utm_medium=api&utm_source=936e8457&v=DEFA85338EB94351265B4BBAF8A2237FDFBE3617
5903891303,Junior Data Analyst,Data Analyst,"London, UK",London,51.503378,-0.139134,35360.0,40560.0,0,Passed basic checks,,contract,https://www.adzuna.co.uk/jobs/land/ad/5903891303?se=2Jxkz2nC8RG_PYTtY09nDQ&utm_medium=api&utm_source=936e8457&v=EA8B4B5710671B780FED80034732005942630A6B
5904277000,Junior Data Analyst,Data Analyst,"South West London, London",London,51.448229,-0.195605,35360.0,40560.0,0,Passed basic checks,,,https://www.adzuna.co.uk/jobs/details/5904277000?utm_medium=api&utm_source=936e8457
5900510728,Junior Data Analyst Apprentice,Data Analyst,"Blackley, Elland",Other / town-level location,53.692655,-1.82446,18000.0,18000.0,0,Passed basic checks,,permanent,https://www.adzuna.co.uk/jobs/land/ad/5900510728?se=2Jxkz2nC8RG_PYTtY09nDQ&utm_medium=api&utm_source=936e8457&v=3948D19E412DACBCC39554890295017FC4428683
5826862178,Junior Data Analyst – Tech Startup,Data Analyst,"Central London, London",London,51.51985,-0.11126,35000.0,35000.0,0,Passed basic checks,,,https://www.adzuna.co.uk/jobs/details/5826862178?utm_medium=api&utm_source=936e8457
5856946396,Junior Market Data Analyst – Chartering,Data Analyst,UK,UK-wide / unspecified,,,37134.46,37134.46,1,Passed basic checks,,,https://www.adzuna.co.uk/jobs/details/5856946396?utm_medium=api&utm_source=936e8457
5909687516,Junior Data Quality & Reporting Analyst,Data Analyst,"St. Mildreds, Canterbury",Other / town-level location,51.278073,1.078905,29751.6,29751.6,1,Passed basic checks,,contract,https://www.adzuna.co.uk/jobs/land/ad/5909687516?se=2Jxkz2nC8RG_PYTtY09nDQ&utm_medium=api&utm_source=936e8457&v=0DFBCFF3E21233B64CAC64E671E5B95AA1FCC6CC
5894315108,Senior Digital Data Analyst,Data Analyst,"Birmingham, West Midlands",Midlands,52.483002,-1.89359,53592.84,53592.84,1,Passed basic checks,,,https://www.adzuna.co.uk/jobs/details/5894315108?utm_medium=api&utm_source=936e8457
5895182167,Senior Data Analyst,Data Analyst,"Intack, Blackburn",Other / town-level location,53.76244,-2.450482,40000.0,50000.0,0,Passed basic checks,,,https://www.adzuna.co.uk/jobs/details/5895182167?utm_medium=api&utm_source=936e8457
5904778188,Data Management Analyst,Data Analyst,"Leatherhead, Surrey",South East England,51.295799,-0.325929,0.0,28000.0,0,Needs review,Minimum salary is zero or negative,permanent,https://www.adzuna.co.uk/jobs/details/5904778188?utm_medium=api&utm_source=936e8457
5904176819,Data Management Analyst,Data Analyst,"Fetcham, Leatherhead",Other / town-level location,51.301474,-0.339243,28000.0,28000.0,0,Passed basic checks,,permanent,https://www.adzuna.co.uk/jobs/land/ad/5904176819?se=2Jxkz2nC8RG_PYTtY09nDQ&utm_medium=api&utm_source=936e8457&v=0EE045160F6A73922351CB407147580DD8062758
5902861511,Senior Data Analyst,Data Analyst,"London, UK",London,51.503378,-0.139134,59300.0,98800.0,0,Passed basic checks,,,https://www.adzuna.co.uk/jobs/details/5902861511?utm_medium=api&utm_source=936e8457
5896045741,Senior Digital Data Analyst,Data Analyst,"Birmingham, West Midlands",Midlands,52.483002,-1.89359,44846.57,44846.57,1,Passed basic checks,,,https://www.adzuna.co.uk/jobs/details/5896045741?utm_medium=api&utm_source=936e8457
5903297103,Senior Data Analyst,Data Analyst,"London, UK",London,51.503378,-0.139134,51713.72,51713.72,1,Passed basic checks,,,https://www.adzuna.co.uk/jobs/details/5903297103?utm_medium=api&utm_source=936e8457
5903297102,Senior Data Analyst,Data Analyst,"Oxford, Oxfordshire",South East England,51.7523,-1.25588,48335.11,48335.11,1,Passed basic checks,,,https://www.adzuna.co.uk/jobs/details/5903297102?utm_medium=api&utm_source=936e8457
5891558614,Senior Data Analyst - SC cleared,Data Analyst,"London, UK",London,,,49000.0,60000.0,0,Passed basic checks,,,https://www.adzuna.co.uk/jobs/details/5891558614?utm_medium=api&utm_source=936e8457
5894312924,Senior Data Analyst,Data Analyst,"South West London, London",London,51.448229,-0.195605,55000.0,55000.0,0,Passed basic checks,,,https://www.adzuna.co.uk/jobs/details/5894312924?utm_medium=api&utm_source=936e8457
5878873076,Business Data Analyst,Data Analyst,"Farringdon, Central London",London,51.521224,-0.105738,48773.43,48773.43,1,Passed basic checks,,contract,https://www.adzuna.co.uk/jobs/details/5878873076?utm_medium=api&utm_source=936e8457
5878427784,Business & Data Analyst,Data Analyst,"Glasgow, Scotland",Scotland,55.86026,-4.25596,25000.0,25000.0,0,Passed basic checks,,contract,https://www.adzuna.co.uk/jobs/land/ad/5878427784?se=vm3t0GnC8RGU5ZlC2ojrCw&utm_medium=api&utm_source=936e8457&v=7ED216BC3AA65CE3C031AC20A399E996E336EE5C
5880099317,Business Data Analyst,Data Analyst,"Surrey, South East England",South East England,51.253928,-0.4677,43090.45,43090.45,1,Passed basic checks,,permanent,https://www.adzuna.co.uk/jobs/details/5880099317?utm_medium=api&utm_source=936e8457
5878402608,Business & Data Analyst,Data Analyst,"Glasgow City Centre, Glasgow",Scotland,,,25000.0,25000.0,0,Passed basic checks,,contract,https://www.adzuna.co.uk/jobs/land/ad/5878402608?se=vm3t0GnC8RGU5ZlC2ojrCw&utm_medium=api&utm_source=936e8457&v=155B15D8E7B6409A40D9246A075096C1325A268D
5878470661,Business & Data Analyst,Data Analyst,"Glasgow, Scotland",Scotland,55.86026,-4.25596,24000.0,24000.0,0,Passed basic checks,,contract,https://www.adzuna.co.uk/jobs/details/5878470661?utm_medium=api&utm_source=936e8457
5859994674,Business & Data Analyst,Data Analyst,"Pendlebury, Swinton",Other / town-level location,53.511202,-2.333807,30000.0,32000.0,0,Passed basic checks,,,https://www.adzuna.co.uk/jobs/land/ad/5859994674?se=vm3t0GnC8RGU5ZlC2ojrCw&utm_medium=api&utm_source=936e8457&v=F024D8B3C3BF8E888B7FAFDF873FBD3B3B5BF819
5906272715,Business / Data Analyst,Data Analyst,"London, UK",London,,,72691.6,72691.6,1,Passed basic checks,,contract,https://www.adzuna.co.uk/jobs/land/ad/5906272715?se=vm3t0GnC8RGU5ZlC2ojrCw&utm_medium=api&utm_source=936e8457&v=C7A4C9A0A9B2D9CF83FA4A2B834D17FF4E8A90B2
5860729624,Business & Data Analyst,Data Analyst,"Manchester, Greater Manchester",North West England,53.480701,-2.23438,30000.0,30000.0,0,Passed basic checks,,,https://www.adzuna.co.uk/jobs/details/5860729624?utm_medium=api&utm_source=936e8457
5878647585,Senior Business Data Analyst,Data Analyst,UK,UK-wide / unspecified,,,54173.66,54173.66,1,Passed basic checks,,,https://www.adzuna.co.uk/jobs/land/ad/5878647585?se=vm3t0GnC8RGU5ZlC2ojrCw&utm_medium=api&utm_source=936e8457&v=C4ABD0C8AE58C94DCEAEB5ABE397BC3E627AF0D0
5916803691,Senior Business Data Analyst,Data Analyst,"Edinburgh Technopole, Milton Bridge",Scotland,55.858501,-3.20232,52594.51,52594.51,1,Passed basic checks,,contract,https://www.adzuna.co.uk/jobs/land/ad/5916803691?se=vm3t0GnC8RGU5ZlC2ojrCw&utm_medium=api&utm_source=936e8457&v=35FFFEA268493EB6C77330E1956F2422A1186E62
5903098903,Business Data Analyst - SC Cleared,Data Analyst,"London, UK",London,51.503378,-0.139134,117000.0,123500.0,0,Passed basic checks,,,https://www.adzuna.co.uk/jobs/details/5903098903?utm_medium=api&utm_source=936e8457
5911797648,Business Data Analyst - Front Office,Data Analyst,"The City, Central London",London,,,55000.0,65000.0,0,Passed basic checks,,permanent,https://www.adzuna.co.uk/jobs/land/ad/5911797648?se=vm3t0GnC8RGU5ZlC2ojrCw&utm_medium=api&utm_source=936e8457&v=E9C20DA8294A8026F2F13479B7E4B23820911EBD
5745457430,Senior Consultant – Reinsurance Business Data Analyst,Data Analyst,"London, UK",London,51.503378,-0.139134,68757.03,68757.03,1,Passed basic checks,,,https://www.adzuna.co.uk/jobs/details/5745457430?utm_medium=api&utm_source=936e8457
5210481562,Business Analyst - Data Analyst-ANA008529,Data Analyst,UK,UK-wide / unspecified,,,40259.36,40259.36,1,Passed basic checks,,,https://www.adzuna.co.uk/jobs/details/5210481562?utm_medium=api&utm_source=936e8457
5914110975,Business and Data Analyst,Data Analyst,UK,UK-wide / unspecified,,,0.0,60.0,0,Needs review,Minimum salary is zero or negative; Maximum below 100; pay-period/unit needs review,contract,https://www.adzuna.co.uk/jobs/details/5914110975?utm_medium=api&utm_source=936e8457
5864147992,Business Data Analyst with Actimize – Canary Wharf Docklands London (IT),Data Analyst,"London, UK",London,51.503378,-0.139134,350.0,350.0,0,Passed basic checks,,contract,https://www.adzuna.co.uk/jobs/details/5864147992?utm_medium=api&utm_source=936e8457
5895534347,Data Business Analyst,Data Analyst,"Lathbury, Newport Pagnell",Other / town-level location,52.086488,-0.722334,55000.0,55000.0,0,Passed basic checks,,,https://www.adzuna.co.uk/jobs/details/5895534347?utm_medium=api&utm_source=936e8457
5877528452,Data Business Analyst,Data Analyst,"Glasgow, Scotland",Scotland,55.86026,-4.25596,101400.0,101660.0,0,Passed basic checks,,contract,https://www.adzuna.co.uk/jobs/details/5877528452?utm_medium=api&utm_source=936e8457
5877123885,Data Business Analyst,Data Analyst,"Hyde Park, Leeds",Yorkshire and Humber,53.815909,-1.560123,40110.4,40110.4,1,Passed basic checks,,,https://www.adzuna.co.uk/jobs/land/ad/5877123885?se=vm3t0GnC8RGU5ZlC2ojrCw&utm_medium=api&utm_source=936e8457&v=D664D027E8C631EAB675D1E5261D13DB2A7F2A26
5877222773,Data Business Analyst,Data Analyst,"Glasgow, Scotland",Scotland,55.86026,-4.25596,101400.0,101660.0,0,Passed basic checks,,contract,https://www.adzuna.co.uk/jobs/land/ad/5877222773?se=vm3t0GnC8RGU5ZlC2ojrCw&utm_medium=api&utm_source=936e8457&v=4F3177C18B562CEB6618CD3F8E79A428AF8A6C33
5916997628,Data Business Analyst,Data Analyst,"Pampisford, Cambridge",East of England,52.108734,0.18937,130000.0,130000.0,0,Passed basic checks,,contract,https://www.adzuna.co.uk/jobs/land/ad/5916997628?se=vm3t0GnC8RGU5ZlC2ojrCw&utm_medium=api&utm_source=936e8457&v=9971903A593BFAF62FD2445DCB4D9A2A2BFF72CB
5840387061,Data Business Analyst,Data Analyst,UK,UK-wide / unspecified,,,550.0,550.0,0,Passed basic checks,,contract,https://www.adzuna.co.uk/jobs/details/5840387061?utm_medium=api&utm_source=936e8457
5905466957,Data Business Analyst,Data Analyst,"Hillhead, Glasgow City Centre",Scotland,55.863163,-4.255412,64947.91,64947.91,1,Passed basic checks,,contract,https://www.adzuna.co.uk/jobs/details/5905466957?utm_medium=api&utm_source=936e8457
5907138643,Data Business Analyst – (Data Migration & Front Office Operations),Data Analyst,"Canary Wharf, East London",London,51.508092,-0.022997,70957.07,70957.07,1,Passed basic checks,,contract,https://www.adzuna.co.uk/jobs/details/5907138643?utm_medium=api&utm_source=936e8457
5903967948,Senior Data Business Analyst,Data Analyst,"Liverpool, Merseyside",North West England,53.410801,-2.97784,62104.95,62104.95,1,Passed basic checks,,,https://www.adzuna.co.uk/jobs/details/5903967948?utm_medium=api&utm_source=936e8457
5893129258,Apprentice Data & Business Analyst,Data Analyst,"The City, Central London",London,,,36011.8,36011.8,1,Passed basic checks,,contract,https://www.adzuna.co.uk/jobs/details/5893129258?utm_medium=api&utm_source=936e8457
5738736906,Senior Data Business Analyst,Data Analyst,"London, UK",London,,,57395.59,57395.59,1,Passed basic checks,,contract,https://www.adzuna.co.uk/jobs/details/5738736906?utm_medium=api&utm_source=936e8457
5901116168,Senior Data Business Analyst,Data Analyst,"London, UK",London,51.503378,-0.139134,61849.14,61849.14,1,Passed basic checks,,,https://www.adzuna.co.uk/jobs/details/5901116168?utm_medium=api&utm_source=936e8457
5911703929,Senior Data Business Analyst,Data Analyst,UK,UK-wide / unspecified,,,0.0,5.0,0,Needs review,Minimum salary is zero or negative; Maximum below 100; pay-period/unit needs review,,https://www.adzuna.co.uk/jobs/details/5911703929?utm_medium=api&utm_source=936e8457
5911944450,Senior Data Business Analyst - Asset Management,Data Analyst,"London, UK",London,51.503378,-0.139134,41599.81,41599.81,1,Passed basic checks,,,https://www.adzuna.co.uk/jobs/details/5911944450?utm_medium=api&utm_source=936e8457
5894273903,CRM & BI Analyst,Data Analyst,"Lisburn, Northern Ireland",Northern Ireland,54.510899,-6.04273,50000.0,50000.0,0,Passed basic checks,,,https://www.adzuna.co.uk/jobs/land/ad/5894273903?se=dORo02nC8RGU5ZlC2ojrCw&utm_medium=api&utm_source=936e8457&v=AC965EB93C02179DA27AA60DB82C42049BD39D0A
5903710733,BI Analyst,Data Analyst,UK,UK-wide / unspecified,,,37968.19,37968.19,1,Passed basic checks,,,https://www.adzuna.co.uk/jobs/land/ad/5903710733?se=dORo02nC8RGU5ZlC2ojrCw&utm_medium=api&utm_source=936e8457&v=D5D73BE501EC54AE1868D2E1AB743157BC5F8BB9
5908842178,BI Analyst,Data Analyst,"Shendish, Hemel Hempstead",Other / town-level location,51.748177,-0.470632,45000.0,45000.0,0,Passed basic checks,,contract,https://www.adzuna.co.uk/jobs/details/5908842178?utm_medium=api&utm_source=936e8457
5877618502,BI Analyst,Data Analyst,"Birmingham, West Midlands",Midlands,52.483002,-1.89359,78000.0,104000.0,0,Passed basic checks,,contract,https://www.adzuna.co.uk/jobs/land/ad/5877618502?se=dORo02nC8RGU5ZlC2ojrCw&utm_medium=api&utm_source=936e8457&v=D769679E1648472805242A0626E66B30BF6B1F76
5903022900,BI Analyst,Data Analyst,"Pillaton, Saltash",Other / town-level location,50.470617,-4.301132,35561.58,35561.58,1,Passed basic checks,,,https://www.adzuna.co.uk/jobs/land/ad/5903022900?se=dORo02nC8RGU5ZlC2ojrCw&utm_medium=api&utm_source=936e8457&v=E508B13294520284507B75FCA5B7DD33E6F83B66
5884623744,BI Analyst,Data Analyst,"Birmingham, West Midlands",Midlands,52.483002,-1.89359,57025.94,57025.94,1,Passed basic checks,,contract,https://www.adzuna.co.uk/jobs/land/ad/5884623744?se=dORo02nC8RGU5ZlC2ojrCw&utm_medium=api&utm_source=936e8457&v=5AC6E2E5CB7D210EC493CB68D52BDD896E032855
5911200262,BI Analyst,Data Analyst,"Shendish, Hemel Hempstead",Other / town-level location,51.748177,-0.470632,0.0,45000.0,0,Needs review,Minimum salary is zero or negative,contract,https://www.adzuna.co.uk/jobs/details/5911200262?utm_medium=api&utm_source=936e8457
5900643140,BI Analyst,Data Analyst,"Birmingham, West Midlands",Midlands,52.483002,-1.89359,36000.0,42000.0,0,Passed basic checks,,permanent,https://www.adzuna.co.uk/jobs/details/5900643140?utm_medium=api&utm_source=936e8457
5909876611,BI Analyst,Data Analyst,"Alum Rock, Birmingham",Midlands,52.480123,-1.857927,42250.76,42250.76,1,Passed basic checks,,permanent,https://www.adzuna.co.uk/jobs/details/5909876611?utm_medium=api&utm_source=936e8457
5903971961,BI Analyst,Data Analyst,"Plymouth, South West England",South West England,50.370399,-4.14265,36262.14,36262.14,1,Passed basic checks,,contract,https://www.adzuna.co.uk/jobs/details/5903971961?utm_medium=api&utm_source=936e8457
5896928217,BI Analyst,Data Analyst,UK,UK-wide / unspecified,,,32000.0,32000.0,0,Passed basic checks,,permanent,https://www.adzuna.co.uk/jobs/details/5896928217?utm_medium=api&utm_source=936e8457
5877475768,BI Analyst,Data Analyst,"London, UK",London,,,130000.0,143000.0,0,Passed basic checks,,contract,https://www.adzuna.co.uk/jobs/land/ad/5877475768?se=dORo02nC8RGU5ZlC2ojrCw&utm_medium=api&utm_source=936e8457&v=3A8D36058E507D45789FB50AA72135456CD7EC06
5887733634,Data & BI Analyst,Data Analyst,"Golborne Dale, Newton-Le-Willows",Other / town-level location,53.465402,-2.63128,56463.03,56463.03,1,Passed basic checks,,,https://www.adzuna.co.uk/jobs/details/5887733634?utm_medium=api&utm_source=936e8457
5913585087,BI Analyst (Marketing),Data Analyst,"Victoria, South West London",London,51.495899,-0.144582,49257.52,49257.52,1,Passed basic checks,,,https://www.adzuna.co.uk/jobs/land/ad/5913585087?se=dORo02nC8RGU5ZlC2ojrCw&utm_medium=api&utm_source=936e8457&v=08F5B7D18851A79AE4A4BC06CB9B5A814743A931
5913708253,Junior BI Analyst,Data Analyst,"Manor Park, Runcorn",Other / town-level location,53.350113,-2.654737,30000.0,30000.0,0,Passed basic checks,,permanent,https://www.adzuna.co.uk/jobs/details/5913708253?utm_medium=api&utm_source=936e8457
5912349524,Senior BI Analyst,Data Analyst,"Wolverhampton, West Midlands",Midlands,52.585701,-2.12925,60000.0,70000.0,0,Passed basic checks,,,https://www.adzuna.co.uk/jobs/land/ad/5912349524?se=dORo02nC8RGU5ZlC2ojrCw&utm_medium=api&utm_source=936e8457&v=D336141F5D3C2570CC3F09D35E0DF3E595C83B51
5883752290,Lead BI Analyst,Data Analyst,"Manchester, Greater Manchester",North West England,,,70000.0,90000.0,0,Passed basic checks,,,https://www.adzuna.co.uk/jobs/land/ad/5883752290?se=dORo02nC8RGU5ZlC2ojrCw&utm_medium=api&utm_source=936e8457&v=0F42235645B85399497120F769B28EE6D3F8422B
5896929203,Lead BI Analyst,Data Analyst,UK,UK-wide / unspecified,,,56955.94,56955.94,1,Passed basic checks,,,https://www.adzuna.co.uk/jobs/details/5896929203?utm_medium=api&utm_source=936e8457
5795609519,"Professional, BI Analyst (TCF)",Data Analyst,UK,UK-wide / unspecified,,,29836.3,29836.3,1,Passed basic checks,,,https://www.adzuna.co.uk/jobs/land/ad/5795609519?se=dORo02nC8RGU5ZlC2ojrCw&utm_medium=api&utm_source=936e8457&v=73308A07AC58E6197B0DBF9F8B916D01D6F434D6
5885033522,BI Analyst -(Fixed Term 9 Months),Data Analyst,"Craigavon, Northern Ireland",Northern Ireland,54.448101,-6.38758,40863.46,40863.46,1,Passed basic checks,,contract,https://www.adzuna.co.uk/jobs/details/5885033522?utm_medium=api&utm_source=936e8457
5914258224,BI/Data Analyst,Data Analyst,"Rusholme, Manchester",North West England,53.459145,-2.220609,91000.0,104000.0,0,Passed basic checks,,contract,https://www.adzuna.co.uk/jobs/land/ad/5914258224?se=dORo02nC8RGU5ZlC2ojrCw&utm_medium=api&utm_source=936e8457&v=221B31484654A153DD88BE4D929BABEE61194948
5916866310,BI/Data Analyst,Data Analyst,"Manchester Science Park, Manchester",North West England,53.480175,-2.241142,45923.43,45923.43,1,Passed basic checks,,contract,https://www.adzuna.co.uk/jobs/details/5916866310?utm_medium=api&utm_source=936e8457
5847255298,BI & Reporting Analyst,Data Analyst,"Fulwood, Preston",Other / town-level location,53.797701,-2.690279,40165.29,40165.29,1,Passed basic checks,,,https://www.adzuna.co.uk/jobs/details/5847255298?utm_medium=api&utm_source=936e8457
5877048264,Senior BI Support Analyst,Data Analyst,"Crownhill, Milton Keynes",Other / town-level location,52.032628,-0.802219,50000.0,65000.0,0,Passed basic checks,,,https://www.adzuna.co.uk/jobs/land/ad/5877048264?se=dORo02nC8RGU5ZlC2ojrCw&utm_medium=api&utm_source=936e8457&v=75B9D84B67863FAB48698A51D200089EA5B91D77
5802870387,Product BI & Ops Analyst,Data Analyst,"London, UK",London,51.503378,-0.139134,72105.55,72105.55,1,Passed basic checks,,,https://www.adzuna.co.uk/jobs/details/5802870387?utm_medium=api&utm_source=936e8457
5878831886,Power BI Data Analyst,Data Analyst,"Leicester, Leicestershire",Midlands,52.6348,-1.12952,91000.0,104000.0,0,Passed basic checks,,contract,https://www.adzuna.co.uk/jobs/land/ad/5878831886?se=dORo02nC8RGU5ZlC2ojrCw&utm_medium=api&utm_source=936e8457&v=CE5EFCEBCA834D912DD13DEB6268EE41CB95AE73
5912851738,BI / Systems Analyst | £55K | Glasgow,Data Analyst,"Glasgow City Centre, Glasgow",Scotland,,,50000.0,55000.0,0,Passed basic checks,,contract,https://www.adzuna.co.uk/jobs/land/ad/5912851738?se=dORo02nC8RGU5ZlC2ojrCw&utm_medium=api&utm_source=936e8457&v=2DC4798975C858E60CCEAD4C93C1D66FE582B6D0
5899756057,BI and Engineering Analyst,Data Analyst,UK,UK-wide / unspecified,,,58166.98,58166.98,1,Passed basic checks,,,https://www.adzuna.co.uk/jobs/details/5899756057?utm_medium=api&utm_source=936e8457
5914234035,Senior Data Analyst / BI Developer,Data Analyst,"Wolverhampton, West Midlands",Midlands,52.585701,-2.12925,50000.0,70000.0,0,Passed basic checks,,,https://www.adzuna.co.uk/jobs/land/ad/5914234035?se=dORo02nC8RGU5ZlC2ojrCw&utm_medium=api&utm_source=936e8457&v=CCBC4691CF9EDFF98AC16D4288AB477A3F283FB1
5877449133,Power BI/SQL Data Analyst,Data Analyst,"Belfast, Northern Ireland",Northern Ireland,,,40000.0,40000.0,0,Passed basic checks,,,https://www.adzuna.co.uk/jobs/details/5877449133?utm_medium=api&utm_source=936e8457
5889647016,Data Analyst (Power BI),Data Analyst,"Diseworth, Derby",Midlands,52.826474,-1.330627,52942.3,52942.3,1,Passed basic checks,,,https://www.adzuna.co.uk/jobs/details/5889647016?utm_medium=api&utm_source=936e8457
5897281841,BI BA – Business Analyst with Business Intelligence (IT),Data Analyst,UK,UK-wide / unspecified,,,450.0,450.0,0,Passed basic checks,,contract,https://www.adzuna.co.uk/jobs/details/5897281841?utm_medium=api&utm_source=936e8457
5878802595,Finance System Reporting Analyst / BI Developer (Tableau),Data Analyst,"Balsall Heath, Birmingham",Midlands,52.460083,-1.902086,40000.0,50000.0,0,Passed basic checks,,contract,https://www.adzuna.co.uk/jobs/land/ad/5878802595?se=dORo02nC8RGU5ZlC2ojrCw&utm_medium=api&utm_source=936e8457&v=9A029C704072BB50EFAC952A5A6EE1D4AC9F37C0
5878831956,Finance System Reporting Analyst / BI Developer (Tableau),Data Analyst,"Birmingham, West Midlands",Midlands,52.483002,-1.89359,40000.0,50000.0,0,Passed basic checks,,contract,https://www.adzuna.co.uk/jobs/land/ad/5878831956?se=dORo02nC8RGU5ZlC2ojrCw&utm_medium=api&utm_source=936e8457&v=21B8C326A959106BC6877FCE49D301AE8C499576
5869550457,Management Reporting Analyst - Power BI,Data Analyst,"London, UK",London,51.503378,-0.139134,49794.01,49794.01,1,Passed basic checks,,contract,https://www.adzuna.co.uk/jobs/details/5869550457?utm_medium=api&utm_source=936e8457
5873203012,Senior BI Developer/ Senior Data Analyst,Data Analyst,"Minworth Industrial Park, Minworth",Other / town-level location,52.525949,-1.773794,52102.17,52102.17,1,Passed basic checks,,,https://www.adzuna.co.uk/jobs/land/ad/5873203012?se=dORo02nC8RGU5ZlC2ojrCw&utm_medium=api&utm_source=936e8457&v=55E588C4056D77C296F018E45E1DAF74238222BD
5903989154,Data Scientist,Data Scientist,"Hanley, Stoke-On-Trent",Other / town-level location,53.002166,-2.18074,49490.03,49490.03,1,Passed basic checks,,contract,https://www.adzuna.co.uk/jobs/details/5903989154?utm_medium=api&utm_source=936e8457
5877136670,Lead Data Scientist,Data Scientist,"Belfast, Northern Ireland",Northern Ireland,,,100000.0,100000.0,0,Passed basic checks,,,https://www.adzuna.co.uk/jobs/land/ad/5877136670?se=9vrm1WnC8RG_dfJx5Ytquw&utm_medium=api&utm_source=936e8457&v=8C0AF6DC591659B8DC04D7F070744DE6EB0AFD8C
5861182268,Data Scientist,Data Scientist,"London, UK",London,51.503378,-0.139134,61153.77,61153.77,1,Passed basic checks,,,https://www.adzuna.co.uk/jobs/details/5861182268?utm_medium=api&utm_source=936e8457
5899766423,Data Scientist - Defence,Data Scientist,"Belfast, Northern Ireland",Northern Ireland,,,61130.09,61130.09,1,Passed basic checks,,,https://www.adzuna.co.uk/jobs/land/ad/5899766423?se=9vrm1WnC8RG_dfJx5Ytquw&utm_medium=api&utm_source=936e8457&v=6E696C8623C464C719F8B2A3D5FF2B84DDFD0187
5917069912,LEAD DATA SCIENTIST,Data Scientist,"Leeds, West Yorkshire",Yorkshire and Humber,53.799599,-1.54912,130000.0,130000.0,0,Passed basic checks,,contract,https://www.adzuna.co.uk/jobs/land/ad/5917069912?se=9vrm1WnC8RG_dfJx5Ytquw&utm_medium=api&utm_source=936e8457&v=ECA07BBCDAC14B952A1CD24F307CC326F3346847
5903981079,Data Scientist - Security & Intelligence,Data Scientist,"Gloucester, Gloucestershire",South West England,51.866699,-2.24867,52534.36,52534.36,1,Passed basic checks,,contract,https://www.adzuna.co.uk/jobs/details/5903981079?utm_medium=api&utm_source=936e8457
5863587380,Data Scientist – Machine Learning,Data Scientist,"London, UK",London,51.503378,-0.139134,79473.76,79473.76,1,Passed basic checks,,,https://www.adzuna.co.uk/jobs/details/5863587380?utm_medium=api&utm_source=936e8457
5904184157,Data Scientist (Sovereign Territory Surveillance),Data Scientist,"Walham, Gloucester",Other / town-level location,51.866457,-2.248601,49072.78,49072.78,1,Passed basic checks,,contract,https://www.adzuna.co.uk/jobs/details/5904184157?utm_medium=api&utm_source=936e8457
5904186581,Data Scientist (Sovereign Territory Surveillance),Data Scientist,"Redcliffe, Bristol",South West England,51.45278,-2.588342,52454.86,52454.86,1,Passed basic checks,,contract,https://www.adzuna.co.uk/jobs/details/5904186581?utm_medium=api&utm_source=936e8457
5903981081,Data Scientist (Sovereign Territory Surveillance),Data Scientist,"Kembrey Park, Swindon",Other / town-level location,51.560128,-1.777906,53253.67,53253.67,1,Passed basic checks,,contract,https://www.adzuna.co.uk/jobs/details/5903981081?utm_medium=api&utm_source=936e8457
5901923397,Senior Data Scientist - Global Scale Up,Data Scientist,"Belfast, Northern Ireland",Northern Ireland,,,100000.0,100000.0,0,Passed basic checks,,,https://www.adzuna.co.uk/jobs/land/ad/5901923397?se=9vrm1WnC8RG_dfJx5Ytquw&utm_medium=api&utm_source=936e8457&v=B1DD1ADA8F38A82C5009AF3D5DE63256107DA66C
5893792371,Senior Data Scientist,Data Scientist,UK,UK-wide / unspecified,,,51447.89,51447.89,1,Passed basic checks,,,https://www.adzuna.co.uk/jobs/land/ad/5893792371?se=9vrm1WnC8RG_dfJx5Ytquw&utm_medium=api&utm_source=936e8457&v=943BECBF0F92FBE67366FAFA07825049BCC9C9EA
5902899481,Senior data scientist,Data Scientist,"Charing Cross, Central London",London,51.507209,-0.128294,66822.09,66822.09,1,Passed basic checks,,,https://www.adzuna.co.uk/jobs/land/ad/5902899481?se=9vrm1WnC8RG_dfJx5Ytquw&utm_medium=api&utm_source=936e8457&v=E8DC4431E59BD29EE5AC949E578E073AD34D9055
5909172810,Senior Data Scientist,Data Scientist,"Sunbury-On-Thames, Surrey",South East England,51.415933,-0.417042,76640.62,76640.62,1,Passed basic checks,,,https://www.adzuna.co.uk/jobs/land/ad/5909172810?se=9vrm1WnC8RG_dfJx5Ytquw&utm_medium=api&utm_source=936e8457&v=BCEF423EAFC5BF2CC6DE6E9C194FBBC962CFD780
5908098214,Expert Data Scientist,Data Scientist,"Sunbury-On-Thames, Surrey",South East England,51.415933,-0.417042,75474.22,75474.22,1,Passed basic checks,,,https://www.adzuna.co.uk/jobs/land/ad/5908098214?se=9vrm1WnC8RG_dfJx5Ytquw&utm_medium=api&utm_source=936e8457&v=1F4E08B25E8E3072D7EBE650191CCA42117CFB05
5916577271,Data Scientist,Data Scientist,UK,UK-wide / unspecified,,,71426.28,71426.28,1,Passed basic checks,,,https://www.adzuna.co.uk/jobs/land/ad/5916577271?se=9vrm1WnC8RG_dfJx5Ytquw&utm_medium=api&utm_source=936e8457&v=FF182E9BF2E43839933ECF90A3E4654B7757EDEC
5889090938,Data Scientist,Data Scientist,"Cheltenham, Gloucestershire",South West England,51.897999,-2.07131,45000.0,75000.0,0,Passed basic checks,,permanent,https://www.adzuna.co.uk/jobs/details/5889090938?utm_medium=api&utm_source=936e8457
5904300971,Data Scientist,Data Scientist,"Eastern England, UK",Other / town-level location,,,104000.0,169000.0,0,Passed basic checks,,contract,https://www.adzuna.co.uk/jobs/details/5904300971?utm_medium=api&utm_source=936e8457
5753328884,Data Scientist,Data Scientist,"London, UK",London,51.503378,-0.139134,38000.0,38000.0,0,Passed basic checks,,,https://www.adzuna.co.uk/jobs/details/5753328884?utm_medium=api&utm_source=936e8457
5906253135,Data Scientist,Data Scientist,"Oxford, Oxfordshire",South East England,51.7523,-1.25588,45568.05,45568.05,1,Passed basic checks,,,https://www.adzuna.co.uk/jobs/details/5906253135?utm_medium=api&utm_source=936e8457
5908608008,Data scientist,Data Scientist,"Manchester, Greater Manchester",North West England,53.480701,-2.23438,47020.94,47020.94,1,Passed basic checks,,,https://www.adzuna.co.uk/jobs/details/5908608008?utm_medium=api&utm_source=936e8457
5898535354,Data Scientist,Data Scientist,"The City, Central London",London,,,156000.0,221000.0,0,Needs review,Maximum above 200000; needs review,contract,https://www.adzuna.co.uk/jobs/land/ad/5898535354?se=9vrm1WnC8RG_dfJx5Ytquw&utm_medium=api&utm_source=936e8457&v=6C33CB58B7A8C5A48E1C0290DCB7CD7FA41CFFF1
5916830220,Data Scientist,Data Scientist,"Portsmouth, Hampshire",South East England,50.798901,-1.09116,60000.0,60000.0,0,Passed basic checks,,,https://www.adzuna.co.uk/jobs/land/ad/5916830220?se=9vrm1WnC8RG_dfJx5Ytquw&utm_medium=api&utm_source=936e8457&v=E93BF765B578D1EE73099EE07213791367F364AD
5904174960,Data Scientist,Data Scientist,"Hyde Park, Leeds",Yorkshire and Humber,53.815909,-1.560123,40000.0,48000.0,0,Passed basic checks,,permanent,https://www.adzuna.co.uk/jobs/land/ad/5904174960?se=9vrm1WnC8RG_dfJx5Ytquw&utm_medium=api&utm_source=936e8457&v=EEAFB542606B0E0975BA4725B2BBE3F1C9E51C61
5916829256,Data Scientist,Data Scientist,"Liverpool, Merseyside",North West England,53.410801,-2.97784,50000.0,55000.0,0,Passed basic checks,,,https://www.adzuna.co.uk/jobs/land/ad/5916829256?se=9vrm1WnC8RG_dfJx5Ytquw&utm_medium=api&utm_source=936e8457&v=CBA10D8D7755C2AF726FAE861428B32C55253B01
5884487320,Data Scientist,Data Scientist,"Grangetown, Cardiff",Wales,51.47395,-3.175695,78000.0,84500.0,0,Passed basic checks,,contract,https://www.adzuna.co.uk/jobs/land/ad/5884487320?se=9vrm1WnC8RG_dfJx5Ytquw&utm_medium=api&utm_source=936e8457&v=A36770B49BCBFF58D971834CF9B808062FD3F658
5916803684,Data Scientist,Data Scientist,"London, UK",London,,,55000.0,65000.0,0,Passed basic checks,,,https://www.adzuna.co.uk/jobs/land/ad/5916803684?se=9vrm1WnC8RG_dfJx5Ytquw&utm_medium=api&utm_source=936e8457&v=D68E962CC24437C075F5409B9976B83BAB5B2928
5906015686,Data Scientist,Data Scientist,"Coventry, West Midlands",Midlands,52.4058,-1.51266,47803.25,47803.25,1,Passed basic checks,,,https://www.adzuna.co.uk/jobs/land/ad/5906015686?se=9vrm1WnC8RG_dfJx5Ytquw&utm_medium=api&utm_source=936e8457&v=009D31C531CEA19258AB917374A7A19933EF87BB
5916829278,Data Scientist,Data Scientist,"London, UK",London,,,60000.0,65000.0,0,Passed basic checks,,,https://www.adzuna.co.uk/jobs/land/ad/5916829278?se=9vrm1WnC8RG_dfJx5Ytquw&utm_medium=api&utm_source=936e8457&v=BC754F95012106D03E3BE1F32633A1484C9F2F0F
5897302156,Data Scientist,Data Scientist,"Foxton, Alnwick",Other / town-level location,55.400902,-1.5988,50150.15,50150.15,1,Passed basic checks,,,https://www.adzuna.co.uk/jobs/land/ad/5897302156?se=9vrm1WnC8RG_dfJx5Ytquw&utm_medium=api&utm_source=936e8457&v=5464F6BED878BC0B36BF54799A284F02746C828C
5908569563,Data Scientist,Data Scientist,"Lenton, Nottingham",Midlands,52.958946,-1.173747,35000.0,40000.0,0,Passed basic checks,,,https://www.adzuna.co.uk/jobs/land/ad/5908569563?se=9vrm1WnC8RG_dfJx5Ytquw&utm_medium=api&utm_source=936e8457&v=B97E1FF5014AD3401D932C7635FBA5C1D2EF8D76
5879885698,Data Scientist,Data Scientist,"Desford, Leicester",Midlands,52.625702,-1.29427,18.0,25.0,0,Needs review,Maximum below 100; pay-period/unit needs review,contract,https://www.adzuna.co.uk/jobs/land/ad/5879885698?se=9vrm1WnC8RG_dfJx5Ytquw&utm_medium=api&utm_source=936e8457&v=E33F8C8EA8B1E2D234EA22F919AB8DB3927D12AA
5898544878,Data Scientist,Data Scientist,"Berkshire, South East England",South East England,51.452002,-0.937789,0.0,70000.0,0,Needs review,Minimum salary is zero or negative,,https://www.adzuna.co.uk/jobs/land/ad/5898544878?se=9vrm1WnC8RG_dfJx5Ytquw&utm_medium=api&utm_source=936e8457&v=C6BD76BCA7F92B2D45B52F0CA35E2EC54D208E53
5883635315,Data Scientist,Data Scientist,"Farringdon, Central London",London,51.523772,-0.103815,53785.41,53785.41,1,Passed basic checks,,contract,https://www.adzuna.co.uk/jobs/land/ad/5883635315?se=9vrm1WnC8RG_dfJx5Ytquw&utm_medium=api&utm_source=936e8457&v=F6B13960625248CE4E30822FF23E73CC0F169F47
5905809412,Data Scientist,Data Scientist,"Farringdon, Central London",London,51.523772,-0.103815,45.0,50.0,0,Needs review,Maximum below 100; pay-period/unit needs review,contract,https://www.adzuna.co.uk/jobs/land/ad/5905809412?se=9vrm1WnC8RG_dfJx5Ytquw&utm_medium=api&utm_source=936e8457&v=BE2DC738457EF4CBE450A6CB65AD800C0FD63965
5908447612,Data Scientist,Data Scientist,"Liverpool, Merseyside",North West England,53.410801,-2.97784,50000.0,55000.0,0,Passed basic checks,,,https://www.adzuna.co.uk/jobs/land/ad/5908447612?se=9vrm1WnC8RG_dfJx5Ytquw&utm_medium=api&utm_source=936e8457&v=4EC1EA668AE19DA450A91886CCA30E63AD70ED2A
5904036486,Data Scientist,Data Scientist,"Liverpool, Merseyside",North West England,53.410801,-2.97784,50000.0,55000.0,0,Passed basic checks,,,https://www.adzuna.co.uk/jobs/land/ad/5904036486?se=9vrm1WnC8RG_dfJx5Ytquw&utm_medium=api&utm_source=936e8457&v=9AFB6FA14BD19D12925215E321FFB028703EB097
5912851805,Data Scientist,Data Scientist,"Merseyside, North West England",Other / town-level location,53.444162,-2.897456,45000.0,55000.0,0,Passed basic checks,,,https://www.adzuna.co.uk/jobs/land/ad/5912851805?se=9vrm1WnC8RG_dfJx5Ytquw&utm_medium=api&utm_source=936e8457&v=BC40FAF996A9F0368A89B6876FC0946910D8E767
5912851807,Data Scientist,Data Scientist,"Liverpool, Merseyside",North West England,53.410801,-2.97784,45000.0,55000.0,0,Passed basic checks,,,https://www.adzuna.co.uk/jobs/land/ad/5912851807?se=9vrm1WnC8RG_dfJx5Ytquw&utm_medium=api&utm_source=936e8457&v=318A1D2FE0189DE3F9D07082FC4DC2356D099D1E
5902908711,Data Scientist,Data Scientist,"St. Helens, Merseyside",Other / town-level location,53.453899,-2.73689,40000.0,55000.0,0,Passed basic checks,,,https://www.adzuna.co.uk/jobs/land/ad/5902908711?se=9vrm1WnC8RG_dfJx5Ytquw&utm_medium=api&utm_source=936e8457&v=20D7585E222AA12E4F8D49780903FEB0FB233416
5913705196,Data Scientist,Data Scientist,"Cowley, Oxford",South East England,51.729035,-1.206926,45000.0,60000.0,0,Passed basic checks,,permanent,https://www.adzuna.co.uk/jobs/details/5913705196?utm_medium=api&utm_source=936e8457
5913703912,Junior Data Scientist,Data Scientist,"Elm, Wisbech",Other / town-level location,52.654148,0.15791,27500.0,55500.0,0,Passed basic checks,,,https://www.adzuna.co.uk/jobs/details/5913703912?utm_medium=api&utm_source=936e8457
5852583614,Junior Data Scientist,Data Scientist,"London, UK",London,51.503378,-0.139134,46653.69,46653.69,1,Passed basic checks,,contract,https://www.adzuna.co.uk/jobs/details/5852583614?utm_medium=api&utm_source=936e8457
5901985824,Junior Data Scientist (SC Cleared),Data Scientist,"London, UK",London,,,110500.0,111800.0,0,Passed basic checks,,contract,https://www.adzuna.co.uk/jobs/details/5901985824?utm_medium=api&utm_source=936e8457
5878686895,Junior Data Scientist I - DSaaS,Data Scientist,"Reading, Berkshire",South East England,51.455002,-0.969088,43603.17,43603.17,1,Passed basic checks,,,https://www.adzuna.co.uk/jobs/details/5878686895?utm_medium=api&utm_source=936e8457
5905468348,Senior Data Scientist,Data Scientist,"Ladywood, Birmingham",Midlands,52.475193,-1.909104,75000.0,80000.0,0,Passed basic checks,,,https://www.adzuna.co.uk/jobs/details/5905468348?utm_medium=api&utm_source=936e8457
5916800745,Senior Data Scientist,Data Scientist,"London, UK",London,51.503378,-0.139134,66413.2,66413.2,1,Passed basic checks,,,https://www.adzuna.co.uk/jobs/details/5916800745?utm_medium=api&utm_source=936e8457
5903929964,Senior Data Scientist,Data Scientist,"London, UK",London,,,75000.0,80000.0,0,Passed basic checks,,,https://www.adzuna.co.uk/jobs/details/5903929964?utm_medium=api&utm_source=936e8457
5329647905,Senior Data Scientist,Data Scientist,"London, UK",London,51.503378,-0.139134,56811.8,56811.8,1,Passed basic checks,,,https://www.adzuna.co.uk/jobs/details/5329647905?utm_medium=api&utm_source=936e8457
5903640403,Senior Data Scientist,Data Scientist,"Farringdon, Central London",London,51.523772,-0.103815,75000.0,80000.0,0,Passed basic checks,,,https://www.adzuna.co.uk/jobs/land/ad/5903640403?se=-GYh2GnC8RG_PYTtY09nDQ&utm_medium=api&utm_source=936e8457&v=7EFDC34B8338895973AEF45EF0817FA8C08CCF68
5295888661,EY - GDS Consulting - D&A - Data Scientist - Senior,Data Scientist,UK,UK-wide / unspecified,,,50366.7,50366.7,1,Passed basic checks,,,https://www.adzuna.co.uk/jobs/details/5295888661?utm_medium=api&utm_source=936e8457
5769446792,Senior Data Scientist,Data Scientist,"London, UK",London,51.503378,-0.139134,84004.77,84004.77,1,Passed basic checks,,,https://www.adzuna.co.uk/jobs/details/5769446792?utm_medium=api&utm_source=936e8457
5883752251,Data Science Trainee,Data Scientist,"Reading, Berkshire",South East England,51.455002,-0.969088,25000.0,45000.0,0,Passed basic checks,,,https://www.adzuna.co.uk/jobs/land/ad/5883752251?se=-GYh2GnC8RG_PYTtY09nDQ&utm_medium=api&utm_source=936e8457&v=DB482E090B2D85CBE593F34B07DE63563268D5A8
5883752264,Data Science Trainee,Data Scientist,"Oldham, Greater Manchester",North West England,,,25000.0,45000.0,0,Passed basic checks,,,https://www.adzuna.co.uk/jobs/land/ad/5883752264?se=-GYh2GnC8RG_PYTtY09nDQ&utm_medium=api&utm_source=936e8457&v=B8C41183D5966C8551D1A203E972F4AD4320154B
5883752253,Data Science Trainee,Data Scientist,"Rayleigh, Essex",East of England,51.585999,0.605291,25000.0,45000.0,0,Passed basic checks,,,https://www.adzuna.co.uk/jobs/land/ad/5883752253?se=-GYh2GnC8RG_PYTtY09nDQ&utm_medium=api&utm_source=936e8457&v=B749B2ACBEB2C981155998783309532E0CF1570B
5883752254,Data Science Trainee,Data Scientist,"Oxford, Oxfordshire",South East England,51.7523,-1.25588,25000.0,45000.0,0,Passed basic checks,,,https://www.adzuna.co.uk/jobs/land/ad/5883752254?se=-GYh2GnC8RG_PYTtY09nDQ&utm_medium=api&utm_source=936e8457&v=5DBBB929C6461543E5769F088A1C3795211CDEC3
5883752249,Data Science Trainee,Data Scientist,"Northfield, Birmingham",Midlands,52.408506,-1.960942,25000.0,45000.0,0,Passed basic checks,,,https://www.adzuna.co.uk/jobs/land/ad/5883752249?se=-GYh2GnC8RG_PYTtY09nDQ&utm_medium=api&utm_source=936e8457&v=6D67583E74D284599794921C3E28958222C0B19B
5883752273,Data Science Trainee,Data Scientist,"Southport, Merseyside",Other / town-level location,53.647301,-3.00733,25000.0,45000.0,0,Passed basic checks,,,https://www.adzuna.co.uk/jobs/land/ad/5883752273?se=-GYh2GnC8RG_PYTtY09nDQ&utm_medium=api&utm_source=936e8457&v=ED037D3808C816B95C63A9CF27FC9134056CE41D
5883752280,Data Science Trainee,Data Scientist,"Wakefield, West Yorkshire",Yorkshire and Humber,53.682999,-1.4991,25000.0,45000.0,0,Passed basic checks,,,https://www.adzuna.co.uk/jobs/land/ad/5883752280?se=-GYh2GnC8RG_PYTtY09nDQ&utm_medium=api&utm_source=936e8457&v=F332D8FD8A501BED4867AE68CAD440B3BA3D5028
5883752261,Data Science Trainee,Data Scientist,"Ilford, Essex",East of England,51.557701,0.070101,25000.0,45000.0,0,Passed basic checks,,,https://www.adzuna.co.uk/jobs/land/ad/5883752261?se=-GYh2GnC8RG_PYTtY09nDQ&utm_medium=api&utm_source=936e8457&v=5E3AF0E802610EA3A7A21E01B9C41B8291CE02A6
5883752246,Data Science Trainee,Data Scientist,"Newcastle Upon Tyne, Tyne & Wear",North East England,,,25000.0,45000.0,0,Passed basic checks,,,https://www.adzuna.co.uk/jobs/land/ad/5883752246?se=-GYh2GnC8RG_PYTtY09nDQ&utm_medium=api&utm_source=936e8457&v=84444D451F4BDDBDDAC85E10B6BACFA1FE072767
5883752243,Data Science Trainee,Data Scientist,"Norwich, Norfolk",East of England,52.628101,1.29935,25000.0,45000.0,0,Passed basic checks,,,https://www.adzuna.co.uk/jobs/land/ad/5883752243?se=-GYh2GnC8RG_PYTtY09nDQ&utm_medium=api&utm_source=936e8457&v=4EF0E7C36DD331F9C1C9852D0778AB926E8CE046
5883752271,Data Science Trainee,Data Scientist,"Solihull, West Midlands",Yorkshire and Humber,52.4147,-1.7743,25000.0,45000.0,0,Passed basic checks,,,https://www.adzuna.co.uk/jobs/land/ad/5883752271?se=-GYh2GnC8RG_PYTtY09nDQ&utm_medium=api&utm_source=936e8457&v=BFCA06C5301433D542DFA6541A8C66D94EAE252D
5883752275,Data Science Trainee,Data Scientist,"Northampton, Northamptonshire",Other / town-level location,52.2369,-0.897391,25000.0,45000.0,0,Passed basic checks,,,https://www.adzuna.co.uk/jobs/land/ad/5883752275?se=-GYh2GnC8RG_PYTtY09nDQ&utm_medium=api&utm_source=936e8457&v=290A28BAFB79DD2427A0C08E156030FECB53E434
5883752255,Data Science Trainee,Data Scientist,"St. Helens, Merseyside",Other / town-level location,53.453899,-2.73689,25000.0,45000.0,0,Passed basic checks,,,https://www.adzuna.co.uk/jobs/land/ad/5883752255?se=-GYh2GnC8RG_PYTtY09nDQ&utm_medium=api&utm_source=936e8457&v=22987E954AB958CAFEB4E2708DA20E5BE8E9153A
5883752277,Data Science Trainee,Data Scientist,"Sparkhill, Birmingham",Midlands,52.447616,-1.866065,25000.0,45000.0,0,Passed basic checks,,,https://www.adzuna.co.uk/jobs/land/ad/5883752277?se=-GYh2GnC8RG_PYTtY09nDQ&utm_medium=api&utm_source=936e8457&v=ADAEF58F5394C78D13CF61489C25CB9ADFC31A02
5883752284,Data Science Trainee,Data Scientist,"Watford, Hertfordshire",Other / town-level location,51.6549,-0.398203,25000.0,45000.0,0,Passed basic checks,,,https://www.adzuna.co.uk/jobs/land/ad/5883752284?se=-GYh2GnC8RG_PYTtY09nDQ&utm_medium=api&utm_source=936e8457&v=DEA183165BFD660297DCFBA129490611463DB4D6
5883752263,Data Science Trainee,Data Scientist,"Slough, Berkshire",South East England,51.5093,-0.595448,25000.0,45000.0,0,Passed basic checks,,,https://www.adzuna.co.uk/jobs/land/ad/5883752263?se=-GYh2GnC8RG_PYTtY09nDQ&utm_medium=api&utm_source=936e8457&v=F24D45CAA1F6905B9F8DF9DE0B70584281027B09
5883752260,Data Science Trainee,Data Scientist,"Nuneaton, Warwickshire",Other / town-level location,52.523399,-1.46509,25000.0,45000.0,0,Passed basic checks,,,https://www.adzuna.co.uk/jobs/land/ad/5883752260?se=-GYh2GnC8RG_PYTtY09nDQ&utm_medium=api&utm_source=936e8457&v=4C5A4B75222B0D413820244008621CB6656F7171
5883752274,Data Science Trainee,Data Scientist,"Sutton Coldfield, West Midlands",Midlands,52.5588,-1.80295,25000.0,45000.0,0,Passed basic checks,,,https://www.adzuna.co.uk/jobs/land/ad/5883752274?se=-GYh2GnC8RG_PYTtY09nDQ&utm_medium=api&utm_source=936e8457&v=C9E0CF339B7CBD9991DD8AF488AA3C9363B3ABEA
5883752240,Data Science Trainee,Data Scientist,"Milton Keynes, Buckinghamshire",South East England,52.042198,-0.7047,25000.0,45000.0,0,Passed basic checks,,,https://www.adzuna.co.uk/jobs/land/ad/5883752240?se=-GYh2GnC8RG_PYTtY09nDQ&utm_medium=api&utm_source=936e8457&v=4D941F3F2F2B6AFF17DBB436F813D2568FA33C01
5883752222,Data Science Trainee,Data Scientist,"Cheltenham, Gloucestershire",South West England,51.897999,-2.07131,25000.0,45000.0,0,Passed basic checks,,,https://www.adzuna.co.uk/jobs/land/ad/5883752222?se=-GYh2GnC8RG_PYTtY09nDQ&utm_medium=api&utm_source=936e8457&v=1C7846DF99C077D67682F66F96E023269E221883
5883752229,Data Science Trainee,Data Scientist,"Huddersfield, West Yorkshire",Yorkshire and Humber,53.645199,-1.78493,25000.0,45000.0,0,Passed basic checks,,,https://www.adzuna.co.uk/jobs/land/ad/5883752229?se=-GYh2GnC8RG_PYTtY09nDQ&utm_medium=api&utm_source=936e8457&v=6C03E19B04AE554BD00C3E4D1927BC465E6FC98A
5883752195,Data Science Trainee,Data Scientist,"Bromley, South East London",London,,,25000.0,45000.0,0,Passed basic checks,,,https://www.adzuna.co.uk/jobs/land/ad/5883752195?se=-GYh2GnC8RG_PYTtY09nDQ&utm_medium=api&utm_source=936e8457&v=EE5BFA8C4D4661D5E0006808FC3FA731AAE98F60
5883752224,Data Science Trainee,Data Scientist,"North Acton, North West London",London,51.515309,-0.261942,25000.0,45000.0,0,Passed basic checks,,,https://www.adzuna.co.uk/jobs/land/ad/5883752224?se=-GYh2GnC8RG_PYTtY09nDQ&utm_medium=api&utm_source=936e8457&v=28590B8E09EE1596795BEF21F409618DCC6FB92E
5883752219,Data Science Trainee,Data Scientist,"High Wycombe, Buckinghamshire",South East England,51.628799,-0.749466,25000.0,45000.0,0,Passed basic checks,,,https://www.adzuna.co.uk/jobs/land/ad/5883752219?se=-GYh2GnC8RG_PYTtY09nDQ&utm_medium=api&utm_source=936e8457&v=F60C3B5BD3CE4F6BEFC529423B9C989C3588B895
5883752198,Data Science Trainee,Data Scientist,"Basingstoke, Hampshire",South East England,51.262501,-1.08402,25000.0,45000.0,0,Passed basic checks,,,https://www.adzuna.co.uk/jobs/land/ad/5883752198?se=-GYh2GnC8RG_PYTtY09nDQ&utm_medium=api&utm_source=936e8457&v=665EDA0F94CD8110134D36F66EFDBD6DB54E5243
5894312810,Senior Applied Data Scientist,Data Scientist,"South West London, London",London,51.448229,-0.195605,52740.93,52740.93,1,Passed basic checks,,,https://www.adzuna.co.uk/jobs/details/5894312810?utm_medium=api&utm_source=936e8457
5899750569,Senior Applied Data Scientist,Data Scientist,"London, UK",London,51.503378,-0.139134,53289.13,53289.13,1,Passed basic checks,,,https://www.adzuna.co.uk/jobs/details/5899750569?utm_medium=api&utm_source=936e8457
5846920774,Senior Applied Data Scientist,Data Scientist,"London, UK",London,,,48038.02,48038.02,1,Passed basic checks,,,https://www.adzuna.co.uk/jobs/details/5846920774?utm_medium=api&utm_source=936e8457
5898369014,Principal Applied Data Scientist,Data Scientist,"London, UK",London,,,59937.84,59937.84,1,Passed basic checks,,,https://www.adzuna.co.uk/jobs/details/5898369014?utm_medium=api&utm_source=936e8457
5863109910,Senior Applied Scientist / Data Scientist,Data Scientist,"London, UK",London,51.503378,-0.139134,100.0,120.0,0,Passed basic checks,,,https://www.adzuna.co.uk/jobs/details/5863109910?utm_medium=api&utm_source=936e8457
5846710081,Senior Applied Data Scientist - London Stock Exchange Group,Data Scientist,"London, UK",London,51.503378,-0.139134,52174.87,52174.87,1,Passed basic checks,,,https://www.adzuna.co.uk/jobs/details/5846710081?utm_medium=api&utm_source=936e8457
5882758282,Applied AI Data Scientist,Data Scientist,"Theatreland, Central London",London,51.515224,-0.127288,64368.4,64368.4,1,Passed basic checks,,,https://www.adzuna.co.uk/jobs/details/5882758282?utm_medium=api&utm_source=936e8457
5882767020,Lead Applied AI Data Scientist,Data Scientist,"Theatreland, Central London",London,51.515224,-0.127288,65184.88,65184.88,1,Passed basic checks,,,https://www.adzuna.co.uk/jobs/details/5882767020?utm_medium=api&utm_source=936e8457
5210487266,Data and Applied Scientist,Data Scientist,UK,UK-wide / unspecified,,,62333.04,62333.04,1,Passed basic checks,,,https://www.adzuna.co.uk/jobs/details/5210487266?utm_medium=api&utm_source=936e8457
5862279093,"Applied AI ML Data Scientist, Vice President - Payments",Data Scientist,"London, UK",London,51.503378,-0.139134,126464.5,126464.5,1,Passed basic checks,,,https://www.adzuna.co.uk/jobs/land/ad/5862279093?se=Spdb2mnC8RGRZ6QSUIDhmA&utm_medium=api&utm_source=936e8457&v=390CCBB2C1921FAE4957220DCBCCA5CF8E7BFA07
5890396724,Senior Data Scientist (NLP  Applied AI),Data Scientist,UK,UK-wide / unspecified,,,44200.0,63400.0,0,Passed basic checks,,,https://www.adzuna.co.uk/jobs/details/5890396724?utm_medium=api&utm_source=936e8457
5890404405,Principal Data Scientist (NLP  Applied AI),Data Scientist,UK,UK-wide / unspecified,,,59100.0,84633.0,0,Passed basic checks,,,https://www.adzuna.co.uk/jobs/details/5890404405?utm_medium=api&utm_source=936e8457
5777924983,Applied AI ML Lead - Senior Data Scientist,Data Scientist,"Bournemouth, Dorset",South West England,50.721699,-1.87853,83646.14,83646.14,1,Passed basic checks,,,https://www.adzuna.co.uk/jobs/land/ad/5777924983?se=Spdb2mnC8RGRZ6QSUIDhmA&utm_medium=api&utm_source=936e8457&v=8796853E710CFE5AD3C03EEED125431BA8E0E308
5878638926,Data Scientist (Contract),Data Scientist,"London, UK",London,,,104000.0,130000.0,0,Passed basic checks,,contract,https://www.adzuna.co.uk/jobs/land/ad/5878638926?se=Spdb2mnC8RGRZ6QSUIDhmA&utm_medium=api&utm_source=936e8457&v=6C3BDC154A4416847857740303F9E6FD408DF563
5912846886,Security Data scientist,Data Scientist,"London, UK",London,51.503378,-0.139134,46576.25,46576.25,1,Passed basic checks,,,https://www.adzuna.co.uk/jobs/details/5912846886?utm_medium=api&utm_source=936e8457
5820101360,"Data Scientist - Measurement, Experimentation & Causal Inference",Data Scientist,"London, UK",London,51.503378,-0.139134,74999.44,74999.44,1,Passed basic checks,,,https://www.adzuna.co.uk/jobs/details/5820101360?utm_medium=api&utm_source=936e8457
5885931969,"Senior/Staff Data Scientist - Measurement, Experimentation & Causal Inference",Data Scientist,"London, UK",London,51.503378,-0.139134,86979.8,86979.8,1,Passed basic checks,,,https://www.adzuna.co.uk/jobs/details/5885931969?utm_medium=api&utm_source=936e8457
5853708327,Data Scientist (Army Collective Training Insights),Data Scientist,UK,UK-wide / unspecified,,,60000.0,60000.0,0,Passed basic checks,,permanent,https://www.adzuna.co.uk/jobs/land/ad/5853708327?se=Spdb2mnC8RGRZ6QSUIDhmA&utm_medium=api&utm_source=936e8457&v=8F2F34A5E3793339247AAA83A7BF410BC8CBC6C0
5884774222,Data Scientist (Army Collective Training Insights),Data Scientist,"Warminster, Wiltshire",Other / town-level location,51.204899,-2.18122,48973.1,48973.1,1,Passed basic checks,,permanent,https://www.adzuna.co.uk/jobs/details/5884774222?utm_medium=api&utm_source=936e8457
5775520573,Senior Data Scientist & AI Solutions (m/f/d),Data Scientist,"London, UK",London,51.503378,-0.139134,55948.78,55948.78,1,Passed basic checks,,,https://www.adzuna.co.uk/jobs/details/5775520573?utm_medium=api&utm_source=936e8457
5883640743,Data Scientist (Contract),Data Scientist,"Manchester, Greater Manchester",North West England,53.480701,-2.23438,56097.62,56097.62,1,Passed basic checks,,contract,https://www.adzuna.co.uk/jobs/details/5883640743?utm_medium=api&utm_source=936e8457
5722144880,Data Scientist - AI Trainer - Freelance - 8-20hr p/w,Data Scientist,"London, UK",London,51.503378,-0.139134,183040.0,251680.0,0,Needs review,Maximum above 200000; needs review,contract,https://www.adzuna.co.uk/jobs/details/5722144880?utm_medium=api&utm_source=936e8457
5898535326,Applied AI Scientist,Data Scientist,"The City, Central London",London,,,156000.0,208000.0,0,Needs review,Maximum above 200000; needs review,contract,https://www.adzuna.co.uk/jobs/land/ad/5898535326?se=Spdb2mnC8RGRZ6QSUIDhmA&utm_medium=api&utm_source=936e8457&v=35C41E2BED85E1336E56D202A765491A168FEF3D
5586578867,Senior Data Scientist,Data Scientist,"Edinburgh City Centre, Edinburgh",Scotland,55.952426,-3.20639,56843.34,56843.34,1,Passed basic checks,,,https://www.adzuna.co.uk/jobs/details/5586578867?utm_medium=api&utm_source=936e8457
5898536812,Applied AI Scientist,Data Scientist,"London, UK",London,51.503378,-0.139134,156000.0,208000.0,0,Needs review,Maximum above 200000; needs review,,https://www.adzuna.co.uk/jobs/land/ad/5898536812?se=Spdb2mnC8RGRZ6QSUIDhmA&utm_medium=api&utm_source=936e8457&v=436836AD6E563B94F3A22CB216810909E0946887
5903971886,Lead Data Scientist - Marketing Sciences,Data Scientist,"Belgrave, Leicester",Midlands,52.636544,-1.140423,84999.0,84999.0,0,Passed basic checks,,contract,https://www.adzuna.co.uk/jobs/details/5903971886?utm_medium=api&utm_source=936e8457
5894312891,Lead Data Scientist - Marketing Sciences,Data Scientist,"Leicester, Leicestershire",Midlands,52.6348,-1.12952,80000.0,80000.0,0,Passed basic checks,,,https://www.adzuna.co.uk/jobs/details/5894312891?utm_medium=api&utm_source=936e8457
5792447071,Senior Data Scientist - (Privacy & Security Controls),Data Scientist,"London, UK",London,51.503378,-0.139134,75000.0,75000.0,0,Passed basic checks,,,https://www.adzuna.co.uk/jobs/details/5792447071?utm_medium=api&utm_source=936e8457
5894312917,Senior Data Scientist,Data Scientist,"South West London, London",London,51.448229,-0.195605,60627.02,60627.02,1,Passed basic checks,,,https://www.adzuna.co.uk/jobs/details/5894312917?utm_medium=api&utm_source=936e8457
5894312889,Data Scientist (Contract),Data Scientist,"Manchester, Greater Manchester",North West England,53.480701,-2.23438,57980.34,57980.34,1,Passed basic checks,,contract,https://www.adzuna.co.uk/jobs/details/5894312889?utm_medium=api&utm_source=936e8457
5894312879,"Data Scientist, Research, Reliability Analytics",Data Scientist,"South West London, London",London,51.448229,-0.195605,59358.93,59358.93,1,Passed basic checks,,,https://www.adzuna.co.uk/jobs/details/5894312879?utm_medium=api&utm_source=936e8457
5880123985,Machine Learning Quant | Data Scientist | Energy Trading - Bonhill Partners,Data Scientist,"London, UK",London,51.503378,-0.139134,67441.55,67441.55,1,Passed basic checks,,,https://www.adzuna.co.uk/jobs/details/5880123985?utm_medium=api&utm_source=936e8457
5883461673,Senior Data Scientist & Machine Learning Researcher,Data Scientist,UK,UK-wide / unspecified,,,41174.92,41174.92,1,Passed basic checks,,,https://www.adzuna.co.uk/jobs/land/ad/5883461673?se=-lWk3GnC8RGU5ZlC2ojrCw&utm_medium=api&utm_source=936e8457&v=70F7C4F5908ECF45A86AA11F84F05F0E024B637E
5806666098,Data Scientist - Machine Learning,Data Scientist,"London, UK",London,51.503378,-0.139134,73912.56,73912.56,1,Passed basic checks,,,https://www.adzuna.co.uk/jobs/details/5806666098?utm_medium=api&utm_source=936e8457
5879873803,Data Scientist & Machine Learning Researcher,Data Scientist,"Gloucester, Gloucestershire",South West England,51.866699,-2.24867,43693.79,43693.79,1,Passed basic checks,,,https://www.adzuna.co.uk/jobs/details/5879873803?utm_medium=api&utm_source=936e8457
5879117367,Data Scientist & Machine Learning Researcher,Data Scientist,"Manchester, Greater Manchester",North West England,53.480701,-2.23438,39228.73,39228.73,1,Passed basic checks,,,https://www.adzuna.co.uk/jobs/details/5879117367?utm_medium=api&utm_source=936e8457
5879117374,Data Scientist & Machine Learning Researcher,Data Scientist,"Gloucester, Gloucestershire",South West England,51.866699,-2.24867,39814.32,39814.32,1,Passed basic checks,,,https://www.adzuna.co.uk/jobs/details/5879117374?utm_medium=api&utm_source=936e8457
5861737345,Principal Data Scientist & Machine Learning Researcher,Data Scientist,"Gloucester, Gloucestershire",South West England,51.866699,-2.24867,49883.13,49883.13,1,Passed basic checks,,permanent,https://www.adzuna.co.uk/jobs/details/5861737345?utm_medium=api&utm_source=936e8457
5641305485,Principal Data Scientist & Machine Learning Researcher,Data Scientist,"Gloucester, Gloucestershire",South West England,51.866699,-2.24867,50910.71,50910.71,1,Passed basic checks,,,https://www.adzuna.co.uk/jobs/details/5641305485?utm_medium=api&utm_source=936e8457
5483982083,Principal Data Scientist & Machine Learning Researcher,Data Scientist,"Manchester, Greater Manchester",North West England,53.480701,-2.23438,45595.48,45595.48,1,Passed basic checks,,,https://www.adzuna.co.uk/jobs/details/5483982083?utm_medium=api&utm_source=936e8457
5483982013,Principal Data Scientist & Machine Learning Researcher,Data Scientist,"Gloucester, Gloucestershire",South West England,51.866699,-2.24867,46276.15,46276.15,1,Passed basic checks,,,https://www.adzuna.co.uk/jobs/details/5483982013?utm_medium=api&utm_source=936e8457
5483982117,Principal Data Scientist & Machine Learning Researcher,Data Scientist,"London, UK",London,51.503378,-0.139134,48250.23,48250.23,1,Passed basic checks,,,https://www.adzuna.co.uk/jobs/details/5483982117?utm_medium=api&utm_source=936e8457
5879117372,Senior Data Scientist & Machine Learning Researcher,Data Scientist,"Manchester, Greater Manchester",North West England,53.480701,-2.23438,41982.18,41982.18,1,Passed basic checks,,,https://www.adzuna.co.uk/jobs/details/5879117372?utm_medium=api&utm_source=936e8457
5879117378,Senior Data Scientist & Machine Learning Researcher,Data Scientist,"Gloucester, Gloucestershire",South West England,51.866699,-2.24867,42608.91,42608.91,1,Passed basic checks,,,https://www.adzuna.co.uk/jobs/details/5879117378?utm_medium=api&utm_source=936e8457
5879922807,Senior Data Scientist & Machine Learning Researcher,Data Scientist,"Gloucester, Gloucestershire",South West England,51.866699,-2.24867,46845.31,46845.31,1,Passed basic checks,,,https://www.adzuna.co.uk/jobs/details/5879922807?utm_medium=api&utm_source=936e8457
5810681239,Principal Data Scientist – Machine Learning & AI,Data Scientist,UK,UK-wide / unspecified,,,86747.02,86747.02,1,Passed basic checks,,,https://www.adzuna.co.uk/jobs/details/5810681239?utm_medium=api&utm_source=936e8457
5769452962,Principal Data Scientist and Machine Learning Researcher,Data Scientist,"Rusholme, Manchester",North West England,53.459145,-2.220609,59627.46,59627.46,1,Passed basic checks,,,https://www.adzuna.co.uk/jobs/details/5769452962?utm_medium=api&utm_source=936e8457
5906874158,"Data Scientist - Insurance, Machine Learning & Pricing Analytics",Data Scientist,"London, UK",London,51.503378,-0.139134,65000.0,75000.0,0,Passed basic checks,,permanent,https://www.adzuna.co.uk/jobs/details/5906874158?utm_medium=api&utm_source=936e8457
5893912923,Machine Learning Quant Researcher,Data Scientist,"London, UK",London,51.503378,-0.139134,57805.54,57805.54,1,Passed basic checks,,permanent,https://www.adzuna.co.uk/jobs/details/5893912923?utm_medium=api&utm_source=936e8457
5907658309,Applied AI ML - Payments Machine Learning (Associate),Data Scientist,"London, UK",London,51.503378,-0.139134,92636.24,92636.24,1,Passed basic checks,,,https://www.adzuna.co.uk/jobs/land/ad/5907658309?se=-lWk3GnC8RGU5ZlC2ojrCw&utm_medium=api&utm_source=936e8457&v=3766006485A03943ACB40C36038A3C7F855F2F30
