GradPath Role,O*NET-SOC Code,Title,Element ID,Element Name,Scale ID,Scale Name,Data Value,Recommend Suppress,Not Relevant,Date,Domain Source
Data Analyst,15-2051.01,Business Intelligence Analysts,2.C.1.a,Administration and Management,IM,Importance,3.14,,,08/2024,Occupational Expert
Data Analyst,15-2051.01,Business Intelligence Analysts,2.C.1.a,Administration and Management,LV,Level,4.14,,N,08/2024,Occupational Expert
Data Analyst,15-2051.01,Business Intelligence Analysts,2.C.1.b,Administrative,IM,Importance,2.43,,,08/2024,Occupational Expert
Data Analyst,15-2051.01,Business Intelligence Analysts,2.C.1.b,Administrative,LV,Level,3.64,,N,08/2024,Occupational Expert
Data Analyst,15-2051.01,Business Intelligence Analysts,2.C.1.c,Economics and Accounting,IM,Importance,3.0,,,08/2024,Occupational Expert
Data Analyst,15-2051.01,Business Intelligence Analysts,2.C.1.c,Economics and Accounting,LV,Level,3.59,,N,08/2024,Occupational Expert
Data Analyst,15-2051.01,Business Intelligence Analysts,2.C.1.d,Sales and Marketing,IM,Importance,2.45,,,08/2024,Occupational Expert
Data Analyst,15-2051.01,Business Intelligence Analysts,2.C.1.d,Sales and Marketing,LV,Level,3.14,,N,08/2024,Occupational Expert
Data Analyst,15-2051.01,Business Intelligence Analysts,2.C.1.e,Customer and Personal Service,IM,Importance,3.1,,,08/2024,Occupational Expert
Data Analyst,15-2051.01,Business Intelligence Analysts,2.C.1.e,Customer and Personal Service,LV,Level,3.76,,N,08/2024,Occupational Expert
Data Analyst,15-2051.01,Business Intelligence Analysts,2.C.1.f,Personnel and Human Resources,IM,Importance,1.91,,,08/2024,Occupational Expert
Data Analyst,15-2051.01,Business Intelligence Analysts,2.C.1.f,Personnel and Human Resources,LV,Level,2.23,,N,08/2024,Occupational Expert
Data Analyst,15-2051.01,Business Intelligence Analysts,2.C.2.a,Production and Processing,IM,Importance,1.75,,,08/2024,Occupational Expert
Data Analyst,15-2051.01,Business Intelligence Analysts,2.C.2.a,Production and Processing,LV,Level,1.57,,N,08/2024,Occupational Expert
Data Analyst,15-2051.01,Business Intelligence Analysts,2.C.2.b,Food Production,IM,Importance,1.14,,,08/2024,Occupational Expert
Data Analyst,15-2051.01,Business Intelligence Analysts,2.C.2.b,Food Production,LV,Level,0.55,,Y,08/2024,Occupational Expert
Data Analyst,15-2051.01,Business Intelligence Analysts,2.C.3.a,Computers and Electronics,IM,Importance,4.29,,,08/2024,Occupational Expert
Data Analyst,15-2051.01,Business Intelligence Analysts,2.C.3.a,Computers and Electronics,LV,Level,5.41,,N,08/2024,Occupational Expert
Data Analyst,15-2051.01,Business Intelligence Analysts,2.C.3.b,Engineering and Technology,IM,Importance,2.36,,,08/2024,Occupational Expert
Data Analyst,15-2051.01,Business Intelligence Analysts,2.C.3.b,Engineering and Technology,LV,Level,2.77,,N,08/2024,Occupational Expert
Data Analyst,15-2051.01,Business Intelligence Analysts,2.C.3.c,Design,IM,Importance,2.43,,,08/2024,Occupational Expert
Data Analyst,15-2051.01,Business Intelligence Analysts,2.C.3.c,Design,LV,Level,2.5,,N,08/2024,Occupational Expert
Data Analyst,15-2051.01,Business Intelligence Analysts,2.C.3.d,Building and Construction,IM,Importance,1.14,,,08/2024,Occupational Expert
Data Analyst,15-2051.01,Business Intelligence Analysts,2.C.3.d,Building and Construction,LV,Level,0.45,,Y,08/2024,Occupational Expert
Data Analyst,15-2051.01,Business Intelligence Analysts,2.C.3.e,Mechanical,IM,Importance,1.14,,,08/2024,Occupational Expert
Data Analyst,15-2051.01,Business Intelligence Analysts,2.C.3.e,Mechanical,LV,Level,0.32,,Y,08/2024,Occupational Expert
Data Analyst,15-2051.01,Business Intelligence Analysts,2.C.4.a,Mathematics,IM,Importance,3.82,,,08/2024,Occupational Expert
Data Analyst,15-2051.01,Business Intelligence Analysts,2.C.4.a,Mathematics,LV,Level,4.67,,N,08/2024,Occupational Expert
Data Analyst,15-2051.01,Business Intelligence Analysts,2.C.4.b,Physics,IM,Importance,1.09,,,08/2024,Occupational Expert
Data Analyst,15-2051.01,Business Intelligence Analysts,2.C.4.b,Physics,LV,Level,0.27,,Y,08/2024,Occupational Expert
Data Analyst,15-2051.01,Business Intelligence Analysts,2.C.4.c,Chemistry,IM,Importance,1.09,,,08/2024,Occupational Expert
Data Analyst,15-2051.01,Business Intelligence Analysts,2.C.4.c,Chemistry,LV,Level,0.27,,Y,08/2024,Occupational Expert
Data Analyst,15-2051.01,Business Intelligence Analysts,2.C.4.d,Biology,IM,Importance,1.09,,,08/2024,Occupational Expert
Data Analyst,15-2051.01,Business Intelligence Analysts,2.C.4.d,Biology,LV,Level,0.36,,Y,08/2024,Occupational Expert
Data Analyst,15-2051.01,Business Intelligence Analysts,2.C.4.e,Psychology,IM,Importance,2.18,,,08/2024,Occupational Expert
Data Analyst,15-2051.01,Business Intelligence Analysts,2.C.4.e,Psychology,LV,Level,2.41,,N,08/2024,Occupational Expert
Data Analyst,15-2051.01,Business Intelligence Analysts,2.C.4.f,Sociology and Anthropology,IM,Importance,2.23,,,08/2024,Occupational Expert
Data Analyst,15-2051.01,Business Intelligence Analysts,2.C.4.f,Sociology and Anthropology,LV,Level,2.59,,N,08/2024,Occupational Expert
Data Analyst,15-2051.01,Business Intelligence Analysts,2.C.4.g,Geography,IM,Importance,2.23,,,08/2024,Occupational Expert
Data Analyst,15-2051.01,Business Intelligence Analysts,2.C.4.g,Geography,LV,Level,3.45,,N,08/2024,Occupational Expert
Data Analyst,15-2051.01,Business Intelligence Analysts,2.C.5.a,Medicine and Dentistry,IM,Importance,1.18,,,08/2024,Occupational Expert
Data Analyst,15-2051.01,Business Intelligence Analysts,2.C.5.a,Medicine and Dentistry,LV,Level,0.45,,Y,08/2024,Occupational Expert
Data Analyst,15-2051.01,Business Intelligence Analysts,2.C.5.b,Therapy and Counseling,IM,Importance,1.18,,,08/2024,Occupational Expert
Data Analyst,15-2051.01,Business Intelligence Analysts,2.C.5.b,Therapy and Counseling,LV,Level,0.32,,Y,08/2024,Occupational Expert
Data Analyst,15-2051.01,Business Intelligence Analysts,2.C.6,Education and Training,IM,Importance,2.5,,,08/2024,Occupational Expert
Data Analyst,15-2051.01,Business Intelligence Analysts,2.C.6,Education and Training,LV,Level,3.32,,N,08/2024,Occupational Expert
Data Analyst,15-2051.01,Business Intelligence Analysts,2.C.7.a,English Language,IM,Importance,3.77,,,08/2024,Occupational Expert
Data Analyst,15-2051.01,Business Intelligence Analysts,2.C.7.a,English Language,LV,Level,4.41,,N,08/2024,Occupational Expert
Data Analyst,15-2051.01,Business Intelligence Analysts,2.C.7.b,Foreign Language,IM,Importance,1.36,,,08/2024,Occupational Expert
Data Analyst,15-2051.01,Business Intelligence Analysts,2.C.7.b,Foreign Language,LV,Level,0.77,,N,08/2024,Occupational Expert
Data Analyst,15-2051.01,Business Intelligence Analysts,2.C.7.c,Fine Arts,IM,Importance,1.5,,,08/2024,Occupational Expert
Data Analyst,15-2051.01,Business Intelligence Analysts,2.C.7.c,Fine Arts,LV,Level,1.0,,N,08/2024,Occupational Expert
Data Analyst,15-2051.01,Business Intelligence Analysts,2.C.7.d,History and Archeology,IM,Importance,1.73,,,08/2024,Occupational Expert
Data Analyst,15-2051.01,Business Intelligence Analysts,2.C.7.d,History and Archeology,LV,Level,1.77,,N,08/2024,Occupational Expert
Data Analyst,15-2051.01,Business Intelligence Analysts,2.C.7.e,Philosophy and Theology,IM,Importance,1.45,,,08/2024,Occupational Expert
Data Analyst,15-2051.01,Business Intelligence Analysts,2.C.7.e,Philosophy and Theology,LV,Level,1.23,,N,08/2024,Occupational Expert
Data Analyst,15-2051.01,Business Intelligence Analysts,2.C.8.a,Public Safety and Security,IM,Importance,1.55,,,08/2024,Occupational Expert
Data Analyst,15-2051.01,Business Intelligence Analysts,2.C.8.a,Public Safety and Security,LV,Level,1.0,,N,08/2024,Occupational Expert
Data Analyst,15-2051.01,Business Intelligence Analysts,2.C.8.b,Law and Government,IM,Importance,2.14,,,08/2024,Occupational Expert
Data Analyst,15-2051.01,Business Intelligence Analysts,2.C.8.b,Law and Government,LV,Level,2.36,,N,08/2024,Occupational Expert
Data Analyst,15-2051.01,Business Intelligence Analysts,2.C.9.a,Telecommunications,IM,Importance,1.55,,,08/2024,Occupational Expert
Data Analyst,15-2051.01,Business Intelligence Analysts,2.C.9.a,Telecommunications,LV,Level,1.14,,N,08/2024,Occupational Expert
Data Analyst,15-2051.01,Business Intelligence Analysts,2.C.9.b,Communications and Media,IM,Importance,2.59,,,08/2024,Occupational Expert
Data Analyst,15-2051.01,Business Intelligence Analysts,2.C.9.b,Communications and Media,LV,Level,2.95,,N,08/2024,Occupational Expert
Data Analyst,15-2051.01,Business Intelligence Analysts,2.C.10,Transportation,IM,Importance,1.18,,,08/2024,Occupational Expert
Data Analyst,15-2051.01,Business Intelligence Analysts,2.C.10,Transportation,LV,Level,0.55,,Y,08/2024,Occupational Expert
Data Scientist,15-2051.00,Data Scientists,2.C.1.a,Administration and Management,IM,Importance,2.12,,,08/2026,Occupational Expert
Data Scientist,15-2051.00,Data Scientists,2.C.1.a,Administration and Management,LV,Level,3.04,,N,08/2026,Occupational Expert
Data Scientist,15-2051.00,Data Scientists,2.C.1.b,Administrative,IM,Importance,1.96,,,08/2026,Occupational Expert
Data Scientist,15-2051.00,Data Scientists,2.C.1.b,Administrative,LV,Level,2.44,,N,08/2026,Occupational Expert
Data Scientist,15-2051.00,Data Scientists,2.C.1.c,Economics and Accounting,IM,Importance,1.84,,,08/2026,Occupational Expert
Data Scientist,15-2051.00,Data Scientists,2.C.1.c,Economics and Accounting,LV,Level,1.6,,N,08/2026,Occupational Expert
Data Scientist,15-2051.00,Data Scientists,2.C.1.d,Sales and Marketing,IM,Importance,1.92,,,08/2026,Occupational Expert
Data Scientist,15-2051.00,Data Scientists,2.C.1.d,Sales and Marketing,LV,Level,2.08,,N,08/2026,Occupational Expert
Data Scientist,15-2051.00,Data Scientists,2.C.1.e,Customer and Personal Service,IM,Importance,1.92,,,08/2026,Occupational Expert
Data Scientist,15-2051.00,Data Scientists,2.C.1.e,Customer and Personal Service,LV,Level,2.24,,N,08/2026,Occupational Expert
Data Scientist,15-2051.00,Data Scientists,2.C.1.f,Personnel and Human Resources,IM,Importance,1.8,,,08/2026,Occupational Expert
Data Scientist,15-2051.00,Data Scientists,2.C.1.f,Personnel and Human Resources,LV,Level,2.16,,N,08/2026,Occupational Expert
Data Scientist,15-2051.00,Data Scientists,2.C.2.a,Production and Processing,IM,Importance,1.84,,,08/2026,Occupational Expert
Data Scientist,15-2051.00,Data Scientists,2.C.2.a,Production and Processing,LV,Level,2.0,,N,08/2026,Occupational Expert
Data Scientist,15-2051.00,Data Scientists,2.C.2.b,Food Production,IM,Importance,1.2,,,08/2026,Occupational Expert
Data Scientist,15-2051.00,Data Scientists,2.C.2.b,Food Production,LV,Level,0.48,,Y,08/2026,Occupational Expert
Data Scientist,15-2051.00,Data Scientists,2.C.3.a,Computers and Electronics,IM,Importance,4.24,,,08/2026,Occupational Expert
Data Scientist,15-2051.00,Data Scientists,2.C.3.a,Computers and Electronics,LV,Level,5.84,,N,08/2026,Occupational Expert
Data Scientist,15-2051.00,Data Scientists,2.C.3.b,Engineering and Technology,IM,Importance,2.88,,,08/2026,Occupational Expert
Data Scientist,15-2051.00,Data Scientists,2.C.3.b,Engineering and Technology,LV,Level,3.52,,N,08/2026,Occupational Expert
Data Scientist,15-2051.00,Data Scientists,2.C.3.c,Design,IM,Importance,2.12,,,08/2026,Occupational Expert
Data Scientist,15-2051.00,Data Scientists,2.C.3.c,Design,LV,Level,2.48,,N,08/2026,Occupational Expert
Data Scientist,15-2051.00,Data Scientists,2.C.3.d,Building and Construction,IM,Importance,1.33,,,08/2026,Occupational Expert
Data Scientist,15-2051.00,Data Scientists,2.C.3.d,Building and Construction,LV,Level,0.67,,Y,08/2026,Occupational Expert
Data Scientist,15-2051.00,Data Scientists,2.C.3.e,Mechanical,IM,Importance,1.36,,,08/2026,Occupational Expert
Data Scientist,15-2051.00,Data Scientists,2.C.3.e,Mechanical,LV,Level,0.5,,N,08/2026,Occupational Expert
Data Scientist,15-2051.00,Data Scientists,2.C.4.a,Mathematics,IM,Importance,4.52,,,08/2026,Occupational Expert
Data Scientist,15-2051.00,Data Scientists,2.C.4.a,Mathematics,LV,Level,5.68,,N,08/2026,Occupational Expert
Data Scientist,15-2051.00,Data Scientists,2.C.4.b,Physics,IM,Importance,1.84,,,08/2026,Occupational Expert
Data Scientist,15-2051.00,Data Scientists,2.C.4.b,Physics,LV,Level,1.92,,N,08/2026,Occupational Expert
Data Scientist,15-2051.00,Data Scientists,2.C.4.c,Chemistry,IM,Importance,1.28,,,08/2026,Occupational Expert
Data Scientist,15-2051.00,Data Scientists,2.C.4.c,Chemistry,LV,Level,0.64,,Y,08/2026,Occupational Expert
Data Scientist,15-2051.00,Data Scientists,2.C.4.d,Biology,IM,Importance,1.28,,,08/2026,Occupational Expert
Data Scientist,15-2051.00,Data Scientists,2.C.4.d,Biology,LV,Level,0.8,,Y,08/2026,Occupational Expert
Data Scientist,15-2051.00,Data Scientists,2.C.4.e,Psychology,IM,Importance,1.92,,,08/2026,Occupational Expert
Data Scientist,15-2051.00,Data Scientists,2.C.4.e,Psychology,LV,Level,2.04,,N,08/2026,Occupational Expert
Data Scientist,15-2051.00,Data Scientists,2.C.4.f,Sociology and Anthropology,IM,Importance,1.72,,,08/2026,Occupational Expert
Data Scientist,15-2051.00,Data Scientists,2.C.4.f,Sociology and Anthropology,LV,Level,1.84,,N,08/2026,Occupational Expert
Data Scientist,15-2051.00,Data Scientists,2.C.4.g,Geography,IM,Importance,1.52,,,08/2026,Occupational Expert
Data Scientist,15-2051.00,Data Scientists,2.C.4.g,Geography,LV,Level,1.68,,N,08/2026,Occupational Expert
Data Scientist,15-2051.00,Data Scientists,2.C.5.a,Medicine and Dentistry,IM,Importance,1.44,,,08/2026,Occupational Expert
Data Scientist,15-2051.00,Data Scientists,2.C.5.a,Medicine and Dentistry,LV,Level,1.0,,N,08/2026,Occupational Expert
Data Scientist,15-2051.00,Data Scientists,2.C.5.b,Therapy and Counseling,IM,Importance,1.2,,,08/2026,Occupational Expert
Data Scientist,15-2051.00,Data Scientists,2.C.5.b,Therapy and Counseling,LV,Level,0.52,,Y,08/2026,Occupational Expert
Data Scientist,15-2051.00,Data Scientists,2.C.6,Education and Training,IM,Importance,2.28,,,08/2026,Occupational Expert
Data Scientist,15-2051.00,Data Scientists,2.C.6,Education and Training,LV,Level,2.92,,N,08/2026,Occupational Expert
Data Scientist,15-2051.00,Data Scientists,2.C.7.a,English Language,IM,Importance,3.0,,,08/2026,Occupational Expert
Data Scientist,15-2051.00,Data Scientists,2.C.7.a,English Language,LV,Level,3.44,,N,08/2026,Occupational Expert
Data Scientist,15-2051.00,Data Scientists,2.C.7.b,Foreign Language,IM,Importance,1.12,,,08/2026,Occupational Expert
Data Scientist,15-2051.00,Data Scientists,2.C.7.b,Foreign Language,LV,Level,0.36,,Y,08/2026,Occupational Expert
Data Scientist,15-2051.00,Data Scientists,2.C.7.c,Fine Arts,IM,Importance,1.12,,,08/2026,Occupational Expert
Data Scientist,15-2051.00,Data Scientists,2.C.7.c,Fine Arts,LV,Level,0.2,,Y,08/2026,Occupational Expert
Data Scientist,15-2051.00,Data Scientists,2.C.7.d,History and Archeology,IM,Importance,1.24,,,08/2026,Occupational Expert
Data Scientist,15-2051.00,Data Scientists,2.C.7.d,History and Archeology,LV,Level,0.6,,Y,08/2026,Occupational Expert
Data Scientist,15-2051.00,Data Scientists,2.C.7.e,Philosophy and Theology,IM,Importance,1.4,,,08/2026,Occupational Expert
Data Scientist,15-2051.00,Data Scientists,2.C.7.e,Philosophy and Theology,LV,Level,0.92,,N,08/2026,Occupational Expert
Data Scientist,15-2051.00,Data Scientists,2.C.8.a,Public Safety and Security,IM,Importance,1.56,,,08/2026,Occupational Expert
Data Scientist,15-2051.00,Data Scientists,2.C.8.a,Public Safety and Security,LV,Level,1.04,,N,08/2026,Occupational Expert
Data Scientist,15-2051.00,Data Scientists,2.C.8.b,Law and Government,IM,Importance,1.68,,,08/2026,Occupational Expert
Data Scientist,15-2051.00,Data Scientists,2.C.8.b,Law and Government,LV,Level,1.6,,N,08/2026,Occupational Expert
Data Scientist,15-2051.00,Data Scientists,2.C.9.a,Telecommunications,IM,Importance,1.48,,,08/2026,Occupational Expert
Data Scientist,15-2051.00,Data Scientists,2.C.9.a,Telecommunications,LV,Level,1.24,,N,08/2026,Occupational Expert
Data Scientist,15-2051.00,Data Scientists,2.C.9.b,Communications and Media,IM,Importance,2.2,,,08/2026,Occupational Expert
Data Scientist,15-2051.00,Data Scientists,2.C.9.b,Communications and Media,LV,Level,2.08,,N,08/2026,Occupational Expert
Data Scientist,15-2051.00,Data Scientists,2.C.10,Transportation,IM,Importance,1.28,,,08/2026,Occupational Expert
Data Scientist,15-2051.00,Data Scientists,2.C.10,Transportation,LV,Level,0.8,,Y,08/2026,Occupational Expert
