GradPath Role,Mapping Type,O*NET-SOC Code,Title,Element ID,Element Name,Scale ID,Scale Name,Data Value,N,Standard Error,Lower CI Bound,Upper CI Bound,Recommend Suppress,Date,Domain Source
Data Analyst,proxy,15-2051.01,Business Intelligence Analysts,3.A.1,Related Work Experience,RW,Related Work Experience (Categories 1-11),0.0,22,,,,,08/2024,Occupational Expert
Data Analyst,proxy,15-2051.01,Business Intelligence Analysts,3.A.1,Related Work Experience,RW,Related Work Experience (Categories 1-11),0.0,22,,,,,08/2024,Occupational Expert
Data Analyst,proxy,15-2051.01,Business Intelligence Analysts,3.A.1,Related Work Experience,RW,Related Work Experience (Categories 1-11),0.0,22,,,,,08/2024,Occupational Expert
Data Analyst,proxy,15-2051.01,Business Intelligence Analysts,3.A.1,Related Work Experience,RW,Related Work Experience (Categories 1-11),0.0,22,,,,,08/2024,Occupational Expert
Data Analyst,proxy,15-2051.01,Business Intelligence Analysts,3.A.1,Related Work Experience,RW,Related Work Experience (Categories 1-11),9.09,22,,,,,08/2024,Occupational Expert
Data Analyst,proxy,15-2051.01,Business Intelligence Analysts,3.A.1,Related Work Experience,RW,Related Work Experience (Categories 1-11),13.64,22,,,,,08/2024,Occupational Expert
Data Analyst,proxy,15-2051.01,Business Intelligence Analysts,3.A.1,Related Work Experience,RW,Related Work Experience (Categories 1-11),36.36,22,,,,,08/2024,Occupational Expert
Data Analyst,proxy,15-2051.01,Business Intelligence Analysts,3.A.1,Related Work Experience,RW,Related Work Experience (Categories 1-11),31.82,22,,,,,08/2024,Occupational Expert
Data Analyst,proxy,15-2051.01,Business Intelligence Analysts,3.A.1,Related Work Experience,RW,Related Work Experience (Categories 1-11),9.09,22,,,,,08/2024,Occupational Expert
Data Analyst,proxy,15-2051.01,Business Intelligence Analysts,3.A.1,Related Work Experience,RW,Related Work Experience (Categories 1-11),0.0,22,,,,,08/2024,Occupational Expert
Data Analyst,proxy,15-2051.01,Business Intelligence Analysts,3.A.1,Related Work Experience,RW,Related Work Experience (Categories 1-11),0.0,22,,,,,08/2024,Occupational Expert
Data Analyst,proxy,15-2051.01,Business Intelligence Analysts,3.A.2,On-Site or In-Plant Training,PT,On-Site Or In-Plant Training (Categories 1-9),27.27,22,,,,,08/2024,Occupational Expert
Data Analyst,proxy,15-2051.01,Business Intelligence Analysts,3.A.2,On-Site or In-Plant Training,PT,On-Site Or In-Plant Training (Categories 1-9),13.64,22,,,,,08/2024,Occupational Expert
Data Analyst,proxy,15-2051.01,Business Intelligence Analysts,3.A.2,On-Site or In-Plant Training,PT,On-Site Or In-Plant Training (Categories 1-9),13.64,22,,,,,08/2024,Occupational Expert
Data Analyst,proxy,15-2051.01,Business Intelligence Analysts,3.A.2,On-Site or In-Plant Training,PT,On-Site Or In-Plant Training (Categories 1-9),13.64,22,,,,,08/2024,Occupational Expert
Data Analyst,proxy,15-2051.01,Business Intelligence Analysts,3.A.2,On-Site or In-Plant Training,PT,On-Site Or In-Plant Training (Categories 1-9),13.64,22,,,,,08/2024,Occupational Expert
Data Analyst,proxy,15-2051.01,Business Intelligence Analysts,3.A.2,On-Site or In-Plant Training,PT,On-Site Or In-Plant Training (Categories 1-9),13.64,22,,,,,08/2024,Occupational Expert
Data Analyst,proxy,15-2051.01,Business Intelligence Analysts,3.A.2,On-Site or In-Plant Training,PT,On-Site Or In-Plant Training (Categories 1-9),0.0,22,,,,,08/2024,Occupational Expert
Data Analyst,proxy,15-2051.01,Business Intelligence Analysts,3.A.2,On-Site or In-Plant Training,PT,On-Site Or In-Plant Training (Categories 1-9),4.55,22,,,,,08/2024,Occupational Expert
Data Analyst,proxy,15-2051.01,Business Intelligence Analysts,3.A.2,On-Site or In-Plant Training,PT,On-Site Or In-Plant Training (Categories 1-9),0.0,22,,,,,08/2024,Occupational Expert
Data Analyst,proxy,15-2051.01,Business Intelligence Analysts,3.A.3,On-the-Job Training,OJ,On-The-Job Training (Categories 1-9),13.64,22,,,,,08/2024,Occupational Expert
Data Analyst,proxy,15-2051.01,Business Intelligence Analysts,3.A.3,On-the-Job Training,OJ,On-The-Job Training (Categories 1-9),9.09,22,,,,,08/2024,Occupational Expert
Data Analyst,proxy,15-2051.01,Business Intelligence Analysts,3.A.3,On-the-Job Training,OJ,On-The-Job Training (Categories 1-9),18.18,22,,,,,08/2024,Occupational Expert
Data Analyst,proxy,15-2051.01,Business Intelligence Analysts,3.A.3,On-the-Job Training,OJ,On-The-Job Training (Categories 1-9),18.18,22,,,,,08/2024,Occupational Expert
Data Analyst,proxy,15-2051.01,Business Intelligence Analysts,3.A.3,On-the-Job Training,OJ,On-The-Job Training (Categories 1-9),31.82,22,,,,,08/2024,Occupational Expert
Data Analyst,proxy,15-2051.01,Business Intelligence Analysts,3.A.3,On-the-Job Training,OJ,On-The-Job Training (Categories 1-9),4.55,22,,,,,08/2024,Occupational Expert
Data Analyst,proxy,15-2051.01,Business Intelligence Analysts,3.A.3,On-the-Job Training,OJ,On-The-Job Training (Categories 1-9),4.55,22,,,,,08/2024,Occupational Expert
Data Analyst,proxy,15-2051.01,Business Intelligence Analysts,3.A.3,On-the-Job Training,OJ,On-The-Job Training (Categories 1-9),0.0,22,,,,,08/2024,Occupational Expert
Data Analyst,proxy,15-2051.01,Business Intelligence Analysts,3.A.3,On-the-Job Training,OJ,On-The-Job Training (Categories 1-9),0.0,22,,,,,08/2024,Occupational Expert
Data Analyst,proxy,15-2051.01,Business Intelligence Analysts,3.A.4.a,Job-related Apprenticeship,IM,Importance,1.82,22,,,,,08/2024,Occupational Expert
Data Scientist,primary,15-2051.00,Data Scientists,3.A.1,Related Work Experience,RW,Related Work Experience (Categories 1-11),28.0,25,,,,,08/2026,Occupational Expert
Data Scientist,primary,15-2051.00,Data Scientists,3.A.1,Related Work Experience,RW,Related Work Experience (Categories 1-11),0.0,25,,,,,08/2026,Occupational Expert
Data Scientist,primary,15-2051.00,Data Scientists,3.A.1,Related Work Experience,RW,Related Work Experience (Categories 1-11),0.0,25,,,,,08/2026,Occupational Expert
Data Scientist,primary,15-2051.00,Data Scientists,3.A.1,Related Work Experience,RW,Related Work Experience (Categories 1-11),12.0,25,,,,,08/2026,Occupational Expert
Data Scientist,primary,15-2051.00,Data Scientists,3.A.1,Related Work Experience,RW,Related Work Experience (Categories 1-11),16.0,25,,,,,08/2026,Occupational Expert
Data Scientist,primary,15-2051.00,Data Scientists,3.A.1,Related Work Experience,RW,Related Work Experience (Categories 1-11),16.0,25,,,,,08/2026,Occupational Expert
Data Scientist,primary,15-2051.00,Data Scientists,3.A.1,Related Work Experience,RW,Related Work Experience (Categories 1-11),16.0,25,,,,,08/2026,Occupational Expert
Data Scientist,primary,15-2051.00,Data Scientists,3.A.1,Related Work Experience,RW,Related Work Experience (Categories 1-11),12.0,25,,,,,08/2026,Occupational Expert
Data Scientist,primary,15-2051.00,Data Scientists,3.A.1,Related Work Experience,RW,Related Work Experience (Categories 1-11),0.0,25,,,,,08/2026,Occupational Expert
Data Scientist,primary,15-2051.00,Data Scientists,3.A.1,Related Work Experience,RW,Related Work Experience (Categories 1-11),0.0,25,,,,,08/2026,Occupational Expert
Data Scientist,primary,15-2051.00,Data Scientists,3.A.1,Related Work Experience,RW,Related Work Experience (Categories 1-11),0.0,25,,,,,08/2026,Occupational Expert
Data Scientist,primary,15-2051.00,Data Scientists,3.A.2,On-Site or In-Plant Training,PT,On-Site Or In-Plant Training (Categories 1-9),44.0,25,,,,,08/2026,Occupational Expert
Data Scientist,primary,15-2051.00,Data Scientists,3.A.2,On-Site or In-Plant Training,PT,On-Site Or In-Plant Training (Categories 1-9),12.0,25,,,,,08/2026,Occupational Expert
Data Scientist,primary,15-2051.00,Data Scientists,3.A.2,On-Site or In-Plant Training,PT,On-Site Or In-Plant Training (Categories 1-9),20.0,25,,,,,08/2026,Occupational Expert
Data Scientist,primary,15-2051.00,Data Scientists,3.A.2,On-Site or In-Plant Training,PT,On-Site Or In-Plant Training (Categories 1-9),12.0,25,,,,,08/2026,Occupational Expert
Data Scientist,primary,15-2051.00,Data Scientists,3.A.2,On-Site or In-Plant Training,PT,On-Site Or In-Plant Training (Categories 1-9),8.0,25,,,,,08/2026,Occupational Expert
Data Scientist,primary,15-2051.00,Data Scientists,3.A.2,On-Site or In-Plant Training,PT,On-Site Or In-Plant Training (Categories 1-9),4.0,25,,,,,08/2026,Occupational Expert
Data Scientist,primary,15-2051.00,Data Scientists,3.A.2,On-Site or In-Plant Training,PT,On-Site Or In-Plant Training (Categories 1-9),0.0,25,,,,,08/2026,Occupational Expert
Data Scientist,primary,15-2051.00,Data Scientists,3.A.2,On-Site or In-Plant Training,PT,On-Site Or In-Plant Training (Categories 1-9),0.0,25,,,,,08/2026,Occupational Expert
Data Scientist,primary,15-2051.00,Data Scientists,3.A.2,On-Site or In-Plant Training,PT,On-Site Or In-Plant Training (Categories 1-9),0.0,25,,,,,08/2026,Occupational Expert
Data Scientist,primary,15-2051.00,Data Scientists,3.A.3,On-the-Job Training,OJ,On-The-Job Training (Categories 1-9),12.5,24,,,,,08/2026,Occupational Expert
Data Scientist,primary,15-2051.00,Data Scientists,3.A.3,On-the-Job Training,OJ,On-The-Job Training (Categories 1-9),8.33,24,,,,,08/2026,Occupational Expert
Data Scientist,primary,15-2051.00,Data Scientists,3.A.3,On-the-Job Training,OJ,On-The-Job Training (Categories 1-9),29.17,24,,,,,08/2026,Occupational Expert
Data Scientist,primary,15-2051.00,Data Scientists,3.A.3,On-the-Job Training,OJ,On-The-Job Training (Categories 1-9),16.67,24,,,,,08/2026,Occupational Expert
Data Scientist,primary,15-2051.00,Data Scientists,3.A.3,On-the-Job Training,OJ,On-The-Job Training (Categories 1-9),12.5,24,,,,,08/2026,Occupational Expert
Data Scientist,primary,15-2051.00,Data Scientists,3.A.3,On-the-Job Training,OJ,On-The-Job Training (Categories 1-9),16.67,24,,,,,08/2026,Occupational Expert
Data Scientist,primary,15-2051.00,Data Scientists,3.A.3,On-the-Job Training,OJ,On-The-Job Training (Categories 1-9),4.17,24,,,,,08/2026,Occupational Expert
Data Scientist,primary,15-2051.00,Data Scientists,3.A.3,On-the-Job Training,OJ,On-The-Job Training (Categories 1-9),0.0,24,,,,,08/2026,Occupational Expert
Data Scientist,primary,15-2051.00,Data Scientists,3.A.3,On-the-Job Training,OJ,On-The-Job Training (Categories 1-9),0.0,24,,,,,08/2026,Occupational Expert
Data Scientist,primary,15-2051.00,Data Scientists,3.A.4.a,Job-related Apprenticeship,IM,Importance,1.64,25,,,,,08/2026,Occupational Expert
